task,seed,variant,sample_id,canary_index,source_prediction,emulator_prediction,hardware_prediction,evaluation_label
shd,1701,original,shd-test-00005,0,9,18,18,5
shd,1701,reset_repaired,shd-test-00005,0,9,18,18,5
shd,2718,original,shd-test-00005,0,5,5,5,5
shd,2718,reset_repaired,shd-test-00005,0,5,5,5,5
shd,3141,original,shd-test-00005,0,5,5,5,5
shd,3141,reset_repaired,shd-test-00005,0,5,5,5,5
shd,5772,original,shd-test-00005,0,5,18,18,5
shd,5772,reset_repaired,shd-test-00005,0,5,5,5,5
shd,8119,original,shd-test-00005,0,9,18,18,5
shd,8119,reset_repaired,shd-test-00005,0,9,5,5,5
shd,1701,original,shd-test-00011,1,14,14,14,14
shd,1701,reset_repaired,shd-test-00011,1,14,14,14,14
shd,2718,original,shd-test-00011,1,0,10,10,14
shd,2718,reset_repaired,shd-test-00011,1,0,0,0,14
shd,3141,original,shd-test-00011,1,0,10,3,14
shd,3141,reset_repaired,shd-test-00011,1,0,0,0,14
shd,5772,original,shd-test-00011,1,14,14,14,14
shd,5772,reset_repaired,shd-test-00011,1,14,14,14,14
shd,8119,original,shd-test-00011,1,0,0,0,14
shd,8119,reset_repaired,shd-test-00011,1,0,0,0,14
shd,1701,original,shd-test-00012,2,7,17,17,12
shd,1701,reset_repaired,shd-test-00012,2,7,17,17,12
shd,2718,original,shd-test-00012,2,0,2,17,12
shd,2718,reset_repaired,shd-test-00012,2,0,17,17,12
shd,3141,original,shd-test-00012,2,17,17,2,12
shd,3141,reset_repaired,shd-test-00012,2,17,17,17,12
shd,5772,original,shd-test-00012,2,17,17,17,12
shd,5772,reset_repaired,shd-test-00012,2,17,17,17,12
shd,8119,original,shd-test-00012,2,12,2,2,12
shd,8119,reset_repaired,shd-test-00012,2,12,7,7,12
shd,1701,original,shd-test-00014,3,0,17,17,0
shd,1701,reset_repaired,shd-test-00014,3,0,0,0,0
shd,2718,original,shd-test-00014,3,0,17,17,0
shd,2718,reset_repaired,shd-test-00014,3,0,0,0,0
shd,3141,original,shd-test-00014,3,0,17,17,0
shd,3141,reset_repaired,shd-test-00014,3,0,0,0,0
shd,5772,original,shd-test-00014,3,0,17,17,0
shd,5772,reset_repaired,shd-test-00014,3,0,0,0,0
shd,8119,original,shd-test-00014,3,0,0,0,0
shd,8119,reset_repaired,shd-test-00014,3,0,0,0,0
shd,1701,original,shd-test-00019,4,13,13,13,13
shd,1701,reset_repaired,shd-test-00019,4,13,13,13,13
shd,2718,original,shd-test-00019,4,13,5,5,13
shd,2718,reset_repaired,shd-test-00019,4,13,5,13,13
shd,3141,original,shd-test-00019,4,13,5,13,13
shd,3141,reset_repaired,shd-test-00019,4,13,13,13,13
shd,5772,original,shd-test-00019,4,13,5,5,13
shd,5772,reset_repaired,shd-test-00019,4,13,13,13,13
shd,8119,original,shd-test-00019,4,13,13,13,13
shd,8119,reset_repaired,shd-test-00019,4,13,13,13,13
shd,1701,original,shd-test-00025,5,13,13,13,9
shd,1701,reset_repaired,shd-test-00025,5,13,13,13,9
shd,2718,original,shd-test-00025,5,13,13,13,9
shd,2718,reset_repaired,shd-test-00025,5,13,13,13,9
shd,3141,original,shd-test-00025,5,13,13,13,9
shd,3141,reset_repaired,shd-test-00025,5,13,13,13,9
shd,5772,original,shd-test-00025,5,13,13,13,9
shd,5772,reset_repaired,shd-test-00025,5,13,13,13,9
shd,8119,original,shd-test-00025,5,13,13,13,9
shd,8119,reset_repaired,shd-test-00025,5,13,13,13,9
shd,1701,original,shd-test-00026,6,0,14,14,0
shd,1701,reset_repaired,shd-test-00026,6,0,0,0,0
shd,2718,original,shd-test-00026,6,10,10,14,0
shd,2718,reset_repaired,shd-test-00026,6,10,0,0,0
shd,3141,original,shd-test-00026,6,0,14,14,0
shd,3141,reset_repaired,shd-test-00026,6,0,0,0,0
shd,5772,original,shd-test-00026,6,10,14,14,0
shd,5772,reset_repaired,shd-test-00026,6,10,0,0,0
shd,8119,original,shd-test-00026,6,0,14,14,0
shd,8119,reset_repaired,shd-test-00026,6,0,0,0,0
shd,1701,original,shd-test-00030,7,6,6,6,6
shd,1701,reset_repaired,shd-test-00030,7,6,6,6,6
shd,2718,original,shd-test-00030,7,6,6,6,6
shd,2718,reset_repaired,shd-test-00030,7,6,6,6,6
shd,3141,original,shd-test-00030,7,6,6,6,6
shd,3141,reset_repaired,shd-test-00030,7,6,6,6,6
shd,5772,original,shd-test-00030,7,6,6,6,6
shd,5772,reset_repaired,shd-test-00030,7,6,6,6,6
shd,8119,original,shd-test-00030,7,6,6,6,6
shd,8119,reset_repaired,shd-test-00030,7,6,6,6,6
shd,1701,original,shd-test-00035,8,8,8,8,8
shd,1701,reset_repaired,shd-test-00035,8,8,8,8,8
shd,2718,original,shd-test-00035,8,8,8,8,8
shd,2718,reset_repaired,shd-test-00035,8,8,8,8,8
shd,3141,original,shd-test-00035,8,8,8,8,8
shd,3141,reset_repaired,shd-test-00035,8,8,8,8,8
shd,5772,original,shd-test-00035,8,8,8,8,8
shd,5772,reset_repaired,shd-test-00035,8,8,8,8,8
shd,8119,original,shd-test-00035,8,8,8,8,8
shd,8119,reset_repaired,shd-test-00035,8,8,8,8,8
shd,1701,original,shd-test-00037,9,10,10,3,10
shd,1701,reset_repaired,shd-test-00037,9,10,10,10,10
shd,2718,original,shd-test-00037,9,10,10,10,10
shd,2718,reset_repaired,shd-test-00037,9,10,10,10,10
shd,3141,original,shd-test-00037,9,10,14,10,10
shd,3141,reset_repaired,shd-test-00037,9,10,10,10,10
shd,5772,original,shd-test-00037,9,10,14,14,10
shd,5772,reset_repaired,shd-test-00037,9,10,14,14,10
shd,8119,original,shd-test-00037,9,10,14,14,10
shd,8119,reset_repaired,shd-test-00037,9,10,14,0,10
shd,1701,original,shd-test-00041,10,8,8,8,8
shd,1701,reset_repaired,shd-test-00041,10,8,8,8,8
shd,2718,original,shd-test-00041,10,8,8,8,8
shd,2718,reset_repaired,shd-test-00041,10,8,8,8,8
shd,3141,original,shd-test-00041,10,8,8,8,8
shd,3141,reset_repaired,shd-test-00041,10,8,8,8,8
shd,5772,original,shd-test-00041,10,8,8,8,8
shd,5772,reset_repaired,shd-test-00041,10,8,8,8,8
shd,8119,original,shd-test-00041,10,8,8,8,8
shd,8119,reset_repaired,shd-test-00041,10,8,8,8,8
shd,1701,original,shd-test-00042,11,16,6,16,6
shd,1701,reset_repaired,shd-test-00042,11,16,16,6,6
shd,2718,original,shd-test-00042,11,6,6,6,6
shd,2718,reset_repaired,shd-test-00042,11,6,6,6,6
shd,3141,original,shd-test-00042,11,6,6,6,6
shd,3141,reset_repaired,shd-test-00042,11,6,6,6,6
shd,5772,original,shd-test-00042,11,6,6,6,6
shd,5772,reset_repaired,shd-test-00042,11,6,6,6,6
shd,8119,original,shd-test-00042,11,6,6,6,6
shd,8119,reset_repaired,shd-test-00042,11,6,6,6,6
shd,1701,original,shd-test-00044,12,11,8,8,11
shd,1701,reset_repaired,shd-test-00044,12,11,11,11,11
shd,2718,original,shd-test-00044,12,11,18,18,11
shd,2718,reset_repaired,shd-test-00044,12,11,11,11,11
shd,3141,original,shd-test-00044,12,11,18,18,11
shd,3141,reset_repaired,shd-test-00044,12,11,11,11,11
shd,5772,original,shd-test-00044,12,11,8,8,11
shd,5772,reset_repaired,shd-test-00044,12,11,18,11,11
shd,8119,original,shd-test-00044,12,11,18,18,11
shd,8119,reset_repaired,shd-test-00044,12,11,11,11,11
shd,1701,original,shd-test-00045,13,8,8,8,8
shd,1701,reset_repaired,shd-test-00045,13,8,8,8,8
shd,2718,original,shd-test-00045,13,8,8,8,8
shd,2718,reset_repaired,shd-test-00045,13,8,8,8,8
shd,3141,original,shd-test-00045,13,8,8,8,8
shd,3141,reset_repaired,shd-test-00045,13,8,8,8,8
shd,5772,original,shd-test-00045,13,8,8,8,8
shd,5772,reset_repaired,shd-test-00045,13,8,8,8,8
shd,8119,original,shd-test-00045,13,8,8,8,8
shd,8119,reset_repaired,shd-test-00045,13,8,8,8,8
shd,1701,original,shd-test-00047,14,17,17,17,17
shd,1701,reset_repaired,shd-test-00047,14,17,17,17,17
shd,2718,original,shd-test-00047,14,17,17,17,17
shd,2718,reset_repaired,shd-test-00047,14,17,17,17,17
shd,3141,original,shd-test-00047,14,17,17,17,17
shd,3141,reset_repaired,shd-test-00047,14,17,17,17,17
shd,5772,original,shd-test-00047,14,17,17,17,17
shd,5772,reset_repaired,shd-test-00047,14,17,17,17,17
shd,8119,original,shd-test-00047,14,17,17,17,17
shd,8119,reset_repaired,shd-test-00047,14,17,17,17,17
shd,1701,original,shd-test-00048,15,13,5,13,5
shd,1701,reset_repaired,shd-test-00048,15,13,13,13,5
shd,2718,original,shd-test-00048,15,5,5,5,5
shd,2718,reset_repaired,shd-test-00048,15,5,5,5,5
shd,3141,original,shd-test-00048,15,5,5,5,5
shd,3141,reset_repaired,shd-test-00048,15,5,5,5,5
shd,5772,original,shd-test-00048,15,9,5,19,5
shd,5772,reset_repaired,shd-test-00048,15,9,5,9,5
shd,8119,original,shd-test-00048,15,5,12,12,5
shd,8119,reset_repaired,shd-test-00048,15,5,5,5,5
shd,1701,original,shd-test-00049,16,7,7,16,7
shd,1701,reset_repaired,shd-test-00049,16,7,7,7,7
shd,2718,original,shd-test-00049,16,7,7,7,7
shd,2718,reset_repaired,shd-test-00049,16,7,7,7,7
shd,3141,original,shd-test-00049,16,7,7,7,7
shd,3141,reset_repaired,shd-test-00049,16,7,7,7,7
shd,5772,original,shd-test-00049,16,7,7,7,7
shd,5772,reset_repaired,shd-test-00049,16,7,7,7,7
shd,8119,original,shd-test-00049,16,7,7,7,7
shd,8119,reset_repaired,shd-test-00049,16,7,7,7,7
shd,1701,original,shd-test-00050,17,13,16,13,13
shd,1701,reset_repaired,shd-test-00050,17,13,13,13,13
shd,2718,original,shd-test-00050,17,13,13,13,13
shd,2718,reset_repaired,shd-test-00050,17,13,13,13,13
shd,3141,original,shd-test-00050,17,13,13,13,13
shd,3141,reset_repaired,shd-test-00050,17,13,13,13,13
shd,5772,original,shd-test-00050,17,13,16,13,13
shd,5772,reset_repaired,shd-test-00050,17,13,13,13,13
shd,8119,original,shd-test-00050,17,13,13,13,13
shd,8119,reset_repaired,shd-test-00050,17,13,13,13,13
shd,1701,original,shd-test-00051,18,11,11,11,11
shd,1701,reset_repaired,shd-test-00051,18,11,11,11,11
shd,2718,original,shd-test-00051,18,11,11,11,11
shd,2718,reset_repaired,shd-test-00051,18,11,11,11,11
shd,3141,original,shd-test-00051,18,11,11,11,11
shd,3141,reset_repaired,shd-test-00051,18,11,11,11,11
shd,5772,original,shd-test-00051,18,11,11,11,11
shd,5772,reset_repaired,shd-test-00051,18,11,11,11,11
shd,8119,original,shd-test-00051,18,11,11,11,11
shd,8119,reset_repaired,shd-test-00051,18,11,11,11,11
shd,1701,original,shd-test-00054,19,8,8,8,11
shd,1701,reset_repaired,shd-test-00054,19,8,8,11,11
shd,2718,original,shd-test-00054,19,8,8,8,11
shd,2718,reset_repaired,shd-test-00054,19,8,8,8,11
shd,3141,original,shd-test-00054,19,8,8,18,11
shd,3141,reset_repaired,shd-test-00054,19,8,18,18,11
shd,5772,original,shd-test-00054,19,8,8,8,11
shd,5772,reset_repaired,shd-test-00054,19,8,18,8,11
shd,8119,original,shd-test-00054,19,8,8,8,11
shd,8119,reset_repaired,shd-test-00054,19,8,8,8,11
shd,1701,original,shd-test-00055,20,6,6,6,6
shd,1701,reset_repaired,shd-test-00055,20,6,6,6,6
shd,2718,original,shd-test-00055,20,6,6,6,6
shd,2718,reset_repaired,shd-test-00055,20,6,6,6,6
shd,3141,original,shd-test-00055,20,6,6,6,6
shd,3141,reset_repaired,shd-test-00055,20,6,6,6,6
shd,5772,original,shd-test-00055,20,6,6,6,6
shd,5772,reset_repaired,shd-test-00055,20,6,6,6,6
shd,8119,original,shd-test-00055,20,6,6,6,6
shd,8119,reset_repaired,shd-test-00055,20,6,6,6,6
shd,1701,original,shd-test-00058,21,14,14,14,14
shd,1701,reset_repaired,shd-test-00058,21,14,14,14,14
shd,2718,original,shd-test-00058,21,14,16,16,14
shd,2718,reset_repaired,shd-test-00058,21,14,16,14,14
shd,3141,original,shd-test-00058,21,14,14,14,14
shd,3141,reset_repaired,shd-test-00058,21,14,14,14,14
shd,5772,original,shd-test-00058,21,14,14,14,14
shd,5772,reset_repaired,shd-test-00058,21,14,14,14,14
shd,8119,original,shd-test-00058,21,14,14,14,14
shd,8119,reset_repaired,shd-test-00058,21,14,14,14,14
shd,1701,original,shd-test-00059,22,0,17,17,0
shd,1701,reset_repaired,shd-test-00059,22,0,0,0,0
shd,2718,original,shd-test-00059,22,0,17,17,0
shd,2718,reset_repaired,shd-test-00059,22,0,0,0,0
shd,3141,original,shd-test-00059,22,17,14,17,0
shd,3141,reset_repaired,shd-test-00059,22,17,17,0,0
shd,5772,original,shd-test-00059,22,17,14,17,0
shd,5772,reset_repaired,shd-test-00059,22,17,0,0,0
shd,8119,original,shd-test-00059,22,0,0,0,0
shd,8119,reset_repaired,shd-test-00059,22,0,0,0,0
shd,1701,original,shd-test-00061,23,18,18,18,18
shd,1701,reset_repaired,shd-test-00061,23,18,18,18,18
shd,2718,original,shd-test-00061,23,18,18,18,18
shd,2718,reset_repaired,shd-test-00061,23,18,18,18,18
shd,3141,original,shd-test-00061,23,18,18,18,18
shd,3141,reset_repaired,shd-test-00061,23,18,18,18,18
shd,5772,original,shd-test-00061,23,18,18,18,18
shd,5772,reset_repaired,shd-test-00061,23,18,18,18,18
shd,8119,original,shd-test-00061,23,18,18,18,18
shd,8119,reset_repaired,shd-test-00061,23,18,18,18,18
shd,1701,original,shd-test-00063,24,13,13,13,13
shd,1701,reset_repaired,shd-test-00063,24,13,13,13,13
shd,2718,original,shd-test-00063,24,13,13,13,13
shd,2718,reset_repaired,shd-test-00063,24,13,13,13,13
shd,3141,original,shd-test-00063,24,13,7,15,13
shd,3141,reset_repaired,shd-test-00063,24,13,13,13,13
shd,5772,original,shd-test-00063,24,13,5,5,13
shd,5772,reset_repaired,shd-test-00063,24,13,13,13,13
shd,8119,original,shd-test-00063,24,13,13,13,13
shd,8119,reset_repaired,shd-test-00063,24,13,13,13,13
shd,1701,original,shd-test-00065,25,18,18,18,18
shd,1701,reset_repaired,shd-test-00065,25,18,18,18,18
shd,2718,original,shd-test-00065,25,18,18,18,18
shd,2718,reset_repaired,shd-test-00065,25,18,18,18,18
shd,3141,original,shd-test-00065,25,18,18,18,18
shd,3141,reset_repaired,shd-test-00065,25,18,18,18,18
shd,5772,original,shd-test-00065,25,18,18,18,18
shd,5772,reset_repaired,shd-test-00065,25,18,18,18,18
shd,8119,original,shd-test-00065,25,18,18,18,18
shd,8119,reset_repaired,shd-test-00065,25,18,18,18,18
shd,1701,original,shd-test-00066,26,13,13,13,13
shd,1701,reset_repaired,shd-test-00066,26,13,13,13,13
shd,2718,original,shd-test-00066,26,13,13,13,13
shd,2718,reset_repaired,shd-test-00066,26,13,13,13,13
shd,3141,original,shd-test-00066,26,13,13,13,13
shd,3141,reset_repaired,shd-test-00066,26,13,13,13,13
shd,5772,original,shd-test-00066,26,13,13,13,13
shd,5772,reset_repaired,shd-test-00066,26,13,13,13,13
shd,8119,original,shd-test-00066,26,13,13,13,13
shd,8119,reset_repaired,shd-test-00066,26,13,13,13,13
shd,1701,original,shd-test-00067,27,5,5,5,5
shd,1701,reset_repaired,shd-test-00067,27,5,5,5,5
shd,2718,original,shd-test-00067,27,5,5,5,5
shd,2718,reset_repaired,shd-test-00067,27,5,5,5,5
shd,3141,original,shd-test-00067,27,5,5,5,5
shd,3141,reset_repaired,shd-test-00067,27,5,5,5,5
shd,5772,original,shd-test-00067,27,5,5,5,5
shd,5772,reset_repaired,shd-test-00067,27,5,5,5,5
shd,8119,original,shd-test-00067,27,5,5,5,5
shd,8119,reset_repaired,shd-test-00067,27,5,5,5,5
shd,1701,original,shd-test-00071,28,13,13,5,13
shd,1701,reset_repaired,shd-test-00071,28,13,13,13,13
shd,2718,original,shd-test-00071,28,13,13,13,13
shd,2718,reset_repaired,shd-test-00071,28,13,13,13,13
shd,3141,original,shd-test-00071,28,13,5,13,13
shd,3141,reset_repaired,shd-test-00071,28,13,13,13,13
shd,5772,original,shd-test-00071,28,13,13,13,13
shd,5772,reset_repaired,shd-test-00071,28,13,13,13,13
shd,8119,original,shd-test-00071,28,13,13,13,13
shd,8119,reset_repaired,shd-test-00071,28,13,13,13,13
shd,1701,original,shd-test-00074,29,0,10,10,10
shd,1701,reset_repaired,shd-test-00074,29,0,0,0,10
shd,2718,original,shd-test-00074,29,0,10,10,10
shd,2718,reset_repaired,shd-test-00074,29,0,0,0,10
shd,3141,original,shd-test-00074,29,0,0,0,10
shd,3141,reset_repaired,shd-test-00074,29,0,0,0,10
shd,5772,original,shd-test-00074,29,0,19,19,10
shd,5772,reset_repaired,shd-test-00074,29,0,10,0,10
shd,8119,original,shd-test-00074,29,0,0,0,10
shd,8119,reset_repaired,shd-test-00074,29,0,0,0,10
shd,1701,original,shd-test-00076,30,4,4,4,4
shd,1701,reset_repaired,shd-test-00076,30,4,4,4,4
shd,2718,original,shd-test-00076,30,4,4,4,4
shd,2718,reset_repaired,shd-test-00076,30,4,4,4,4
shd,3141,original,shd-test-00076,30,4,4,4,4
shd,3141,reset_repaired,shd-test-00076,30,4,4,4,4
shd,5772,original,shd-test-00076,30,4,4,4,4
shd,5772,reset_repaired,shd-test-00076,30,4,4,4,4
shd,8119,original,shd-test-00076,30,4,4,4,4
shd,8119,reset_repaired,shd-test-00076,30,4,4,4,4
shd,1701,original,shd-test-00084,31,7,7,7,7
shd,1701,reset_repaired,shd-test-00084,31,7,7,7,7
shd,2718,original,shd-test-00084,31,7,7,7,7
shd,2718,reset_repaired,shd-test-00084,31,7,7,7,7
shd,3141,original,shd-test-00084,31,7,7,7,7
shd,3141,reset_repaired,shd-test-00084,31,7,7,7,7
shd,5772,original,shd-test-00084,31,7,7,7,7
shd,5772,reset_repaired,shd-test-00084,31,7,7,7,7
shd,8119,original,shd-test-00084,31,7,7,7,7
shd,8119,reset_repaired,shd-test-00084,31,7,7,7,7
shd,1701,original,shd-test-00088,32,15,15,15,15
shd,1701,reset_repaired,shd-test-00088,32,15,15,15,15
shd,2718,original,shd-test-00088,32,15,15,15,15
shd,2718,reset_repaired,shd-test-00088,32,15,4,4,15
shd,3141,original,shd-test-00088,32,15,15,15,15
shd,3141,reset_repaired,shd-test-00088,32,15,15,15,15
shd,5772,original,shd-test-00088,32,15,15,15,15
shd,5772,reset_repaired,shd-test-00088,32,15,4,4,15
shd,8119,original,shd-test-00088,32,4,15,15,15
shd,8119,reset_repaired,shd-test-00088,32,4,4,15,15
shd,1701,original,shd-test-00092,33,14,8,8,16
shd,1701,reset_repaired,shd-test-00092,33,14,14,16,16
shd,2718,original,shd-test-00092,33,14,14,14,16
shd,2718,reset_repaired,shd-test-00092,33,14,14,14,16
shd,3141,original,shd-test-00092,33,14,14,14,16
shd,3141,reset_repaired,shd-test-00092,33,14,14,14,16
shd,5772,original,shd-test-00092,33,14,14,14,16
shd,5772,reset_repaired,shd-test-00092,33,14,14,14,16
shd,8119,original,shd-test-00092,33,14,14,14,16
shd,8119,reset_repaired,shd-test-00092,33,14,14,14,16
shd,1701,original,shd-test-00093,34,8,8,8,8
shd,1701,reset_repaired,shd-test-00093,34,8,8,8,8
shd,2718,original,shd-test-00093,34,8,8,8,8
shd,2718,reset_repaired,shd-test-00093,34,8,8,8,8
shd,3141,original,shd-test-00093,34,8,8,8,8
shd,3141,reset_repaired,shd-test-00093,34,8,8,8,8
shd,5772,original,shd-test-00093,34,8,8,8,8
shd,5772,reset_repaired,shd-test-00093,34,8,8,8,8
shd,8119,original,shd-test-00093,34,8,8,8,8
shd,8119,reset_repaired,shd-test-00093,34,8,8,8,8
shd,1701,original,shd-test-00094,35,19,19,19,19
shd,1701,reset_repaired,shd-test-00094,35,19,19,19,19
shd,2718,original,shd-test-00094,35,9,9,9,19
shd,2718,reset_repaired,shd-test-00094,35,9,19,19,19
shd,3141,original,shd-test-00094,35,19,19,19,19
shd,3141,reset_repaired,shd-test-00094,35,19,19,19,19
shd,5772,original,shd-test-00094,35,19,19,19,19
shd,5772,reset_repaired,shd-test-00094,35,19,19,19,19
shd,8119,original,shd-test-00094,35,19,19,19,19
shd,8119,reset_repaired,shd-test-00094,35,19,19,19,19
shd,1701,original,shd-test-00097,36,9,9,1,1
shd,1701,reset_repaired,shd-test-00097,36,9,9,9,1
shd,2718,original,shd-test-00097,36,9,5,5,1
shd,2718,reset_repaired,shd-test-00097,36,9,1,1,1
shd,3141,original,shd-test-00097,36,9,1,1,1
shd,3141,reset_repaired,shd-test-00097,36,9,1,1,1
shd,5772,original,shd-test-00097,36,19,19,19,1
shd,5772,reset_repaired,shd-test-00097,36,19,9,19,1
shd,8119,original,shd-test-00097,36,1,1,1,1
shd,8119,reset_repaired,shd-test-00097,36,1,1,1,1
shd,1701,original,shd-test-00102,37,9,13,13,13
shd,1701,reset_repaired,shd-test-00102,37,9,13,9,13
shd,2718,original,shd-test-00102,37,13,5,5,13
shd,2718,reset_repaired,shd-test-00102,37,13,9,9,13
shd,3141,original,shd-test-00102,37,13,9,13,13
shd,3141,reset_repaired,shd-test-00102,37,13,9,9,13
shd,5772,original,shd-test-00102,37,9,19,5,13
shd,5772,reset_repaired,shd-test-00102,37,9,19,19,13
shd,8119,original,shd-test-00102,37,13,13,13,13
shd,8119,reset_repaired,shd-test-00102,37,13,13,9,13
shd,1701,original,shd-test-00105,38,12,5,5,13
shd,1701,reset_repaired,shd-test-00105,38,12,12,12,13
shd,2718,original,shd-test-00105,38,13,13,5,13
shd,2718,reset_repaired,shd-test-00105,38,13,13,13,13
shd,3141,original,shd-test-00105,38,12,7,5,13
shd,3141,reset_repaired,shd-test-00105,38,12,12,12,13
shd,5772,original,shd-test-00105,38,12,16,16,13
shd,5772,reset_repaired,shd-test-00105,38,12,12,12,13
shd,8119,original,shd-test-00105,38,13,13,13,13
shd,8119,reset_repaired,shd-test-00105,38,13,13,13,13
shd,1701,original,shd-test-00109,39,10,3,3,10
shd,1701,reset_repaired,shd-test-00109,39,10,10,10,10
shd,2718,original,shd-test-00109,39,10,10,10,10
shd,2718,reset_repaired,shd-test-00109,39,10,14,10,10
shd,3141,original,shd-test-00109,39,10,10,10,10
shd,3141,reset_repaired,shd-test-00109,39,10,10,10,10
shd,5772,original,shd-test-00109,39,10,3,3,10
shd,5772,reset_repaired,shd-test-00109,39,10,10,10,10
shd,8119,original,shd-test-00109,39,10,14,10,10
shd,8119,reset_repaired,shd-test-00109,39,10,10,10,10
shd,1701,original,shd-test-00116,40,11,11,11,11
shd,1701,reset_repaired,shd-test-00116,40,11,11,11,11
shd,2718,original,shd-test-00116,40,11,11,11,11
shd,2718,reset_repaired,shd-test-00116,40,11,11,11,11
shd,3141,original,shd-test-00116,40,11,11,11,11
shd,3141,reset_repaired,shd-test-00116,40,11,11,11,11
shd,5772,original,shd-test-00116,40,11,11,11,11
shd,5772,reset_repaired,shd-test-00116,40,11,11,11,11
shd,8119,original,shd-test-00116,40,11,11,11,11
shd,8119,reset_repaired,shd-test-00116,40,11,11,11,11
shd,1701,original,shd-test-00119,41,4,4,4,4
shd,1701,reset_repaired,shd-test-00119,41,4,4,4,4
shd,2718,original,shd-test-00119,41,4,4,4,4
shd,2718,reset_repaired,shd-test-00119,41,4,4,4,4
shd,3141,original,shd-test-00119,41,4,15,4,4
shd,3141,reset_repaired,shd-test-00119,41,4,4,4,4
shd,5772,original,shd-test-00119,41,4,19,19,4
shd,5772,reset_repaired,shd-test-00119,41,4,4,19,4
shd,8119,original,shd-test-00119,41,4,4,4,4
shd,8119,reset_repaired,shd-test-00119,41,4,4,4,4
shd,1701,original,shd-test-00120,42,19,15,15,1
shd,1701,reset_repaired,shd-test-00120,42,19,13,13,1
shd,2718,original,shd-test-00120,42,19,15,15,1
shd,2718,reset_repaired,shd-test-00120,42,19,13,19,1
shd,3141,original,shd-test-00120,42,19,15,15,1
shd,3141,reset_repaired,shd-test-00120,42,19,1,1,1
shd,5772,original,shd-test-00120,42,19,19,15,1
shd,5772,reset_repaired,shd-test-00120,42,19,19,19,1
shd,8119,original,shd-test-00120,42,1,19,19,1
shd,8119,reset_repaired,shd-test-00120,42,1,9,19,1
shd,1701,original,shd-test-00121,43,12,12,12,12
shd,1701,reset_repaired,shd-test-00121,43,12,12,12,12
shd,2718,original,shd-test-00121,43,12,16,16,12
shd,2718,reset_repaired,shd-test-00121,43,12,12,12,12
shd,3141,original,shd-test-00121,43,12,12,12,12
shd,3141,reset_repaired,shd-test-00121,43,12,12,12,12
shd,5772,original,shd-test-00121,43,12,12,12,12
shd,5772,reset_repaired,shd-test-00121,43,12,12,12,12
shd,8119,original,shd-test-00121,43,12,12,12,12
shd,8119,reset_repaired,shd-test-00121,43,12,12,12,12
shd,1701,original,shd-test-00122,44,12,12,16,12
shd,1701,reset_repaired,shd-test-00122,44,12,12,12,12
shd,2718,original,shd-test-00122,44,12,7,16,12
shd,2718,reset_repaired,shd-test-00122,44,12,12,12,12
shd,3141,original,shd-test-00122,44,12,12,12,12
shd,3141,reset_repaired,shd-test-00122,44,12,12,12,12
shd,5772,original,shd-test-00122,44,12,12,12,12
shd,5772,reset_repaired,shd-test-00122,44,12,12,12,12
shd,8119,original,shd-test-00122,44,12,12,12,12
shd,8119,reset_repaired,shd-test-00122,44,12,12,12,12
shd,1701,original,shd-test-00125,45,14,3,3,17
shd,1701,reset_repaired,shd-test-00125,45,14,14,14,17
shd,2718,original,shd-test-00125,45,9,3,3,17
shd,2718,reset_repaired,shd-test-00125,45,9,9,9,17
shd,3141,original,shd-test-00125,45,14,3,14,17
shd,3141,reset_repaired,shd-test-00125,45,14,14,14,17
shd,5772,original,shd-test-00125,45,14,14,14,17
shd,5772,reset_repaired,shd-test-00125,45,14,14,14,17
shd,8119,original,shd-test-00125,45,9,14,14,17
shd,8119,reset_repaired,shd-test-00125,45,9,14,14,17
shd,1701,original,shd-test-00131,46,3,14,3,3
shd,1701,reset_repaired,shd-test-00131,46,3,3,3,3
shd,2718,original,shd-test-00131,46,14,3,14,3
shd,2718,reset_repaired,shd-test-00131,46,14,14,14,3
shd,3141,original,shd-test-00131,46,3,3,3,3
shd,3141,reset_repaired,shd-test-00131,46,3,3,14,3
shd,5772,original,shd-test-00131,46,14,14,14,3
shd,5772,reset_repaired,shd-test-00131,46,14,14,14,3
shd,8119,original,shd-test-00131,46,14,14,3,3
shd,8119,reset_repaired,shd-test-00131,46,14,14,14,3
shd,1701,original,shd-test-00133,47,14,14,14,0
shd,1701,reset_repaired,shd-test-00133,47,14,14,14,0
shd,2718,original,shd-test-00133,47,0,2,2,0
shd,2718,reset_repaired,shd-test-00133,47,0,14,0,0
shd,3141,original,shd-test-00133,47,0,0,0,0
shd,3141,reset_repaired,shd-test-00133,47,0,0,0,0
shd,5772,original,shd-test-00133,47,14,0,0,0
shd,5772,reset_repaired,shd-test-00133,47,14,0,0,0
shd,8119,original,shd-test-00133,47,0,2,8,0
shd,8119,reset_repaired,shd-test-00133,47,0,0,0,0
shd,1701,original,shd-test-00140,48,9,9,9,1
shd,1701,reset_repaired,shd-test-00140,48,9,9,9,1
shd,2718,original,shd-test-00140,48,9,9,9,1
shd,2718,reset_repaired,shd-test-00140,48,9,9,9,1
shd,3141,original,shd-test-00140,48,9,9,9,1
shd,3141,reset_repaired,shd-test-00140,48,9,19,19,1
shd,5772,original,shd-test-00140,48,9,19,19,1
shd,5772,reset_repaired,shd-test-00140,48,9,9,9,1
shd,8119,original,shd-test-00140,48,9,9,9,1
shd,8119,reset_repaired,shd-test-00140,48,9,9,9,1
shd,1701,original,shd-test-00142,49,6,6,6,6
shd,1701,reset_repaired,shd-test-00142,49,6,6,6,6
shd,2718,original,shd-test-00142,49,6,6,6,6
shd,2718,reset_repaired,shd-test-00142,49,6,6,6,6
shd,3141,original,shd-test-00142,49,6,6,6,6
shd,3141,reset_repaired,shd-test-00142,49,6,6,6,6
shd,5772,original,shd-test-00142,49,6,6,6,6
shd,5772,reset_repaired,shd-test-00142,49,6,6,6,6
shd,8119,original,shd-test-00142,49,6,6,6,6
shd,8119,reset_repaired,shd-test-00142,49,6,6,6,6
shd,1701,original,shd-test-00145,50,15,15,15,15
shd,1701,reset_repaired,shd-test-00145,50,15,15,15,15
shd,2718,original,shd-test-00145,50,15,15,15,15
shd,2718,reset_repaired,shd-test-00145,50,15,15,10,15
shd,3141,original,shd-test-00145,50,15,15,15,15
shd,3141,reset_repaired,shd-test-00145,50,15,15,15,15
shd,5772,original,shd-test-00145,50,15,15,15,15
shd,5772,reset_repaired,shd-test-00145,50,15,15,15,15
shd,8119,original,shd-test-00145,50,15,15,15,15
shd,8119,reset_repaired,shd-test-00145,50,15,15,15,15
shd,1701,original,shd-test-00150,51,5,5,5,5
shd,1701,reset_repaired,shd-test-00150,51,5,5,5,5
shd,2718,original,shd-test-00150,51,5,5,5,5
shd,2718,reset_repaired,shd-test-00150,51,5,5,5,5
shd,3141,original,shd-test-00150,51,5,5,5,5
shd,3141,reset_repaired,shd-test-00150,51,5,5,13,5
shd,5772,original,shd-test-00150,51,5,5,5,5
shd,5772,reset_repaired,shd-test-00150,51,5,5,5,5
shd,8119,original,shd-test-00150,51,5,5,5,5
shd,8119,reset_repaired,shd-test-00150,51,5,5,5,5
shd,1701,original,shd-test-00151,52,13,13,13,5
shd,1701,reset_repaired,shd-test-00151,52,13,13,13,5
shd,2718,original,shd-test-00151,52,13,13,13,5
shd,2718,reset_repaired,shd-test-00151,52,13,7,13,5
shd,3141,original,shd-test-00151,52,13,7,7,5
shd,3141,reset_repaired,shd-test-00151,52,13,13,5,5
shd,5772,original,shd-test-00151,52,13,11,15,5
shd,5772,reset_repaired,shd-test-00151,52,13,5,5,5
shd,8119,original,shd-test-00151,52,13,13,13,5
shd,8119,reset_repaired,shd-test-00151,52,13,13,13,5
shd,1701,original,shd-test-00152,53,8,8,8,8
shd,1701,reset_repaired,shd-test-00152,53,8,8,8,8
shd,2718,original,shd-test-00152,53,8,8,8,8
shd,2718,reset_repaired,shd-test-00152,53,8,8,8,8
shd,3141,original,shd-test-00152,53,8,8,8,8
shd,3141,reset_repaired,shd-test-00152,53,8,8,8,8
shd,5772,original,shd-test-00152,53,8,8,8,8
shd,5772,reset_repaired,shd-test-00152,53,8,8,8,8
shd,8119,original,shd-test-00152,53,8,8,8,8
shd,8119,reset_repaired,shd-test-00152,53,8,8,8,8
shd,1701,original,shd-test-00155,54,15,15,15,15
shd,1701,reset_repaired,shd-test-00155,54,15,19,19,15
shd,2718,original,shd-test-00155,54,15,15,15,15
shd,2718,reset_repaired,shd-test-00155,54,15,15,19,15
shd,3141,original,shd-test-00155,54,15,15,15,15
shd,3141,reset_repaired,shd-test-00155,54,15,15,15,15
shd,5772,original,shd-test-00155,54,15,15,15,15
shd,5772,reset_repaired,shd-test-00155,54,15,15,15,15
shd,8119,original,shd-test-00155,54,1,15,15,15
shd,8119,reset_repaired,shd-test-00155,54,1,1,1,15
shd,1701,original,shd-test-00156,55,7,7,7,7
shd,1701,reset_repaired,shd-test-00156,55,7,7,7,7
shd,2718,original,shd-test-00156,55,7,7,7,7
shd,2718,reset_repaired,shd-test-00156,55,7,7,7,7
shd,3141,original,shd-test-00156,55,7,7,7,7
shd,3141,reset_repaired,shd-test-00156,55,7,7,7,7
shd,5772,original,shd-test-00156,55,7,7,7,7
shd,5772,reset_repaired,shd-test-00156,55,7,7,7,7
shd,8119,original,shd-test-00156,55,7,7,7,7
shd,8119,reset_repaired,shd-test-00156,55,7,7,7,7
shd,1701,original,shd-test-00157,56,3,2,2,2
shd,1701,reset_repaired,shd-test-00157,56,3,3,3,2
shd,2718,original,shd-test-00157,56,2,2,2,2
shd,2718,reset_repaired,shd-test-00157,56,2,2,2,2
shd,3141,original,shd-test-00157,56,2,3,2,2
shd,3141,reset_repaired,shd-test-00157,56,2,2,3,2
shd,5772,original,shd-test-00157,56,2,2,2,2
shd,5772,reset_repaired,shd-test-00157,56,2,2,2,2
shd,8119,original,shd-test-00157,56,2,3,2,2
shd,8119,reset_repaired,shd-test-00157,56,2,0,2,2
shd,1701,original,shd-test-00161,57,16,16,14,16
shd,1701,reset_repaired,shd-test-00161,57,16,14,16,16
shd,2718,original,shd-test-00161,57,14,16,16,16
shd,2718,reset_repaired,shd-test-00161,57,14,14,14,16
shd,3141,original,shd-test-00161,57,16,16,16,16
shd,3141,reset_repaired,shd-test-00161,57,16,16,16,16
shd,5772,original,shd-test-00161,57,17,17,17,16
shd,5772,reset_repaired,shd-test-00161,57,17,14,14,16
shd,8119,original,shd-test-00161,57,17,14,14,16
shd,8119,reset_repaired,shd-test-00161,57,17,17,17,16
shd,1701,original,shd-test-00162,58,10,10,10,10
shd,1701,reset_repaired,shd-test-00162,58,10,10,10,10
shd,2718,original,shd-test-00162,58,10,10,10,10
shd,2718,reset_repaired,shd-test-00162,58,10,10,10,10
shd,3141,original,shd-test-00162,58,10,10,10,10
shd,3141,reset_repaired,shd-test-00162,58,10,10,10,10
shd,5772,original,shd-test-00162,58,10,10,10,10
shd,5772,reset_repaired,shd-test-00162,58,10,10,10,10
shd,8119,original,shd-test-00162,58,10,10,10,10
shd,8119,reset_repaired,shd-test-00162,58,10,10,10,10
shd,1701,original,shd-test-00163,59,9,9,9,9
shd,1701,reset_repaired,shd-test-00163,59,9,9,9,9
shd,2718,original,shd-test-00163,59,9,9,9,9
shd,2718,reset_repaired,shd-test-00163,59,9,9,9,9
shd,3141,original,shd-test-00163,59,9,9,9,9
shd,3141,reset_repaired,shd-test-00163,59,9,9,9,9
shd,5772,original,shd-test-00163,59,19,19,19,9
shd,5772,reset_repaired,shd-test-00163,59,19,19,19,9
shd,8119,original,shd-test-00163,59,9,9,9,9
shd,8119,reset_repaired,shd-test-00163,59,9,9,9,9
shd,1701,original,shd-test-00170,60,18,18,18,18
shd,1701,reset_repaired,shd-test-00170,60,18,18,18,18
shd,2718,original,shd-test-00170,60,18,18,18,18
shd,2718,reset_repaired,shd-test-00170,60,18,18,18,18
shd,3141,original,shd-test-00170,60,18,18,18,18
shd,3141,reset_repaired,shd-test-00170,60,18,18,18,18
shd,5772,original,shd-test-00170,60,18,18,18,18
shd,5772,reset_repaired,shd-test-00170,60,18,18,18,18
shd,8119,original,shd-test-00170,60,18,18,18,18
shd,8119,reset_repaired,shd-test-00170,60,18,18,18,18
shd,1701,original,shd-test-00173,61,12,12,12,12
shd,1701,reset_repaired,shd-test-00173,61,12,12,12,12
shd,2718,original,shd-test-00173,61,13,16,16,12
shd,2718,reset_repaired,shd-test-00173,61,13,13,13,12
shd,3141,original,shd-test-00173,61,12,16,16,12
shd,3141,reset_repaired,shd-test-00173,61,12,12,12,12
shd,5772,original,shd-test-00173,61,12,16,16,12
shd,5772,reset_repaired,shd-test-00173,61,12,12,12,12
shd,8119,original,shd-test-00173,61,13,7,7,12
shd,8119,reset_repaired,shd-test-00173,61,13,13,13,12
shd,1701,original,shd-test-00174,62,4,19,1,19
shd,1701,reset_repaired,shd-test-00174,62,4,1,9,19
shd,2718,original,shd-test-00174,62,4,9,9,19
shd,2718,reset_repaired,shd-test-00174,62,4,9,9,19
shd,3141,original,shd-test-00174,62,1,19,1,19
shd,3141,reset_repaired,shd-test-00174,62,1,1,1,19
shd,5772,original,shd-test-00174,62,19,19,19,19
shd,5772,reset_repaired,shd-test-00174,62,19,19,19,19
shd,8119,original,shd-test-00174,62,1,19,19,19
shd,8119,reset_repaired,shd-test-00174,62,1,1,19,19
shd,1701,original,shd-test-00175,63,9,18,18,5
shd,1701,reset_repaired,shd-test-00175,63,9,9,18,5
shd,2718,original,shd-test-00175,63,18,18,18,5
shd,2718,reset_repaired,shd-test-00175,63,18,18,18,5
shd,3141,original,shd-test-00175,63,18,18,18,5
shd,3141,reset_repaired,shd-test-00175,63,18,18,18,5
shd,5772,original,shd-test-00175,63,18,18,18,5
shd,5772,reset_repaired,shd-test-00175,63,18,18,18,5
shd,8119,original,shd-test-00175,63,18,18,18,5
shd,8119,reset_repaired,shd-test-00175,63,18,18,18,5
shd,1701,original,shd-test-00179,64,14,14,14,14
shd,1701,reset_repaired,shd-test-00179,64,14,14,14,14
shd,2718,original,shd-test-00179,64,14,8,8,14
shd,2718,reset_repaired,shd-test-00179,64,14,14,14,14
shd,3141,original,shd-test-00179,64,14,16,16,14
shd,3141,reset_repaired,shd-test-00179,64,14,14,16,14
shd,5772,original,shd-test-00179,64,14,14,14,14
shd,5772,reset_repaired,shd-test-00179,64,14,14,14,14
shd,8119,original,shd-test-00179,64,14,14,14,14
shd,8119,reset_repaired,shd-test-00179,64,14,14,14,14
shd,1701,original,shd-test-00181,65,9,5,5,9
shd,1701,reset_repaired,shd-test-00181,65,9,9,13,9
shd,2718,original,shd-test-00181,65,13,5,5,9
shd,2718,reset_repaired,shd-test-00181,65,13,13,13,9
shd,3141,original,shd-test-00181,65,9,5,5,9
shd,3141,reset_repaired,shd-test-00181,65,9,9,9,9
shd,5772,original,shd-test-00181,65,9,19,19,9
shd,5772,reset_repaired,shd-test-00181,65,9,5,5,9
shd,8119,original,shd-test-00181,65,13,5,5,9
shd,8119,reset_repaired,shd-test-00181,65,13,13,13,9
shd,1701,original,shd-test-00182,66,9,5,5,5
shd,1701,reset_repaired,shd-test-00182,66,9,9,9,5
shd,2718,original,shd-test-00182,66,18,18,18,5
shd,2718,reset_repaired,shd-test-00182,66,18,18,18,5
shd,3141,original,shd-test-00182,66,18,18,18,5
shd,3141,reset_repaired,shd-test-00182,66,18,18,18,5
shd,5772,original,shd-test-00182,66,18,18,18,5
shd,5772,reset_repaired,shd-test-00182,66,18,18,18,5
shd,8119,original,shd-test-00182,66,18,18,18,5
shd,8119,reset_repaired,shd-test-00182,66,18,18,18,5
shd,1701,original,shd-test-00184,67,11,15,15,13
shd,1701,reset_repaired,shd-test-00184,67,11,11,11,13
shd,2718,original,shd-test-00184,67,11,11,15,13
shd,2718,reset_repaired,shd-test-00184,67,11,11,11,13
shd,3141,original,shd-test-00184,67,11,7,7,13
shd,3141,reset_repaired,shd-test-00184,67,11,11,11,13
shd,5772,original,shd-test-00184,67,11,15,15,13
shd,5772,reset_repaired,shd-test-00184,67,11,11,11,13
shd,8119,original,shd-test-00184,67,13,13,13,13
shd,8119,reset_repaired,shd-test-00184,67,13,11,11,13
shd,1701,original,shd-test-00185,68,7,7,7,7
shd,1701,reset_repaired,shd-test-00185,68,7,7,7,7
shd,2718,original,shd-test-00185,68,7,7,7,7
shd,2718,reset_repaired,shd-test-00185,68,7,7,7,7
shd,3141,original,shd-test-00185,68,7,7,7,7
shd,3141,reset_repaired,shd-test-00185,68,7,7,7,7
shd,5772,original,shd-test-00185,68,7,17,7,7
shd,5772,reset_repaired,shd-test-00185,68,7,7,7,7
shd,8119,original,shd-test-00185,68,7,7,7,7
shd,8119,reset_repaired,shd-test-00185,68,7,7,7,7
shd,1701,original,shd-test-00187,69,7,7,7,7
shd,1701,reset_repaired,shd-test-00187,69,7,7,7,7
shd,2718,original,shd-test-00187,69,7,2,7,7
shd,2718,reset_repaired,shd-test-00187,69,7,7,7,7
shd,3141,original,shd-test-00187,69,7,7,7,7
shd,3141,reset_repaired,shd-test-00187,69,7,7,7,7
shd,5772,original,shd-test-00187,69,7,2,2,7
shd,5772,reset_repaired,shd-test-00187,69,7,7,7,7
shd,8119,original,shd-test-00187,69,7,7,7,7
shd,8119,reset_repaired,shd-test-00187,69,7,7,7,7
shd,1701,original,shd-test-00188,70,17,3,3,17
shd,1701,reset_repaired,shd-test-00188,70,17,17,17,17
shd,2718,original,shd-test-00188,70,0,3,10,17
shd,2718,reset_repaired,shd-test-00188,70,0,0,17,17
shd,3141,original,shd-test-00188,70,17,3,17,17
shd,3141,reset_repaired,shd-test-00188,70,17,17,17,17
shd,5772,original,shd-test-00188,70,17,3,3,17
shd,5772,reset_repaired,shd-test-00188,70,17,10,10,17
shd,8119,original,shd-test-00188,70,17,17,3,17
shd,8119,reset_repaired,shd-test-00188,70,17,17,17,17
shd,1701,original,shd-test-00191,71,17,3,3,17
shd,1701,reset_repaired,shd-test-00191,71,17,17,0,17
shd,2718,original,shd-test-00191,71,17,3,17,17
shd,2718,reset_repaired,shd-test-00191,71,17,17,17,17
shd,3141,original,shd-test-00191,71,17,14,3,17
shd,3141,reset_repaired,shd-test-00191,71,17,17,14,17
shd,5772,original,shd-test-00191,71,17,14,17,17
shd,5772,reset_repaired,shd-test-00191,71,17,14,14,17
shd,8119,original,shd-test-00191,71,17,14,3,17
shd,8119,reset_repaired,shd-test-00191,71,17,17,17,17
shd,1701,original,shd-test-00192,72,13,13,13,13
shd,1701,reset_repaired,shd-test-00192,72,13,13,13,13
shd,2718,original,shd-test-00192,72,13,13,13,13
shd,2718,reset_repaired,shd-test-00192,72,13,13,13,13
shd,3141,original,shd-test-00192,72,13,5,5,13
shd,3141,reset_repaired,shd-test-00192,72,13,13,13,13
shd,5772,original,shd-test-00192,72,13,13,5,13
shd,5772,reset_repaired,shd-test-00192,72,13,13,13,13
shd,8119,original,shd-test-00192,72,13,13,13,13
shd,8119,reset_repaired,shd-test-00192,72,13,13,13,13
shd,1701,original,shd-test-00199,73,9,14,19,14
shd,1701,reset_repaired,shd-test-00199,73,9,14,14,14
shd,2718,original,shd-test-00199,73,13,13,13,14
shd,2718,reset_repaired,shd-test-00199,73,13,13,13,14
shd,3141,original,shd-test-00199,73,13,14,15,14
shd,3141,reset_repaired,shd-test-00199,73,13,14,13,14
shd,5772,original,shd-test-00199,73,14,14,19,14
shd,5772,reset_repaired,shd-test-00199,73,14,14,14,14
shd,8119,original,shd-test-00199,73,0,0,0,14
shd,8119,reset_repaired,shd-test-00199,73,0,0,0,14
shd,1701,original,shd-test-00202,74,6,6,6,6
shd,1701,reset_repaired,shd-test-00202,74,6,6,6,6
shd,2718,original,shd-test-00202,74,6,6,6,6
shd,2718,reset_repaired,shd-test-00202,74,6,6,6,6
shd,3141,original,shd-test-00202,74,6,6,6,6
shd,3141,reset_repaired,shd-test-00202,74,6,6,6,6
shd,5772,original,shd-test-00202,74,6,6,6,6
shd,5772,reset_repaired,shd-test-00202,74,6,6,6,6
shd,8119,original,shd-test-00202,74,6,6,6,6
shd,8119,reset_repaired,shd-test-00202,74,6,6,6,6
shd,1701,original,shd-test-00203,75,0,0,10,0
shd,1701,reset_repaired,shd-test-00203,75,0,0,0,0
shd,2718,original,shd-test-00203,75,0,3,10,0
shd,2718,reset_repaired,shd-test-00203,75,0,0,0,0
shd,3141,original,shd-test-00203,75,0,3,14,0
shd,3141,reset_repaired,shd-test-00203,75,0,0,0,0
shd,5772,original,shd-test-00203,75,10,14,3,0
shd,5772,reset_repaired,shd-test-00203,75,10,14,14,0
shd,8119,original,shd-test-00203,75,0,3,3,0
shd,8119,reset_repaired,shd-test-00203,75,0,0,0,0
shd,1701,original,shd-test-00204,76,6,6,6,6
shd,1701,reset_repaired,shd-test-00204,76,6,6,6,6
shd,2718,original,shd-test-00204,76,6,6,6,6
shd,2718,reset_repaired,shd-test-00204,76,6,6,6,6
shd,3141,original,shd-test-00204,76,6,6,6,6
shd,3141,reset_repaired,shd-test-00204,76,6,6,6,6
shd,5772,original,shd-test-00204,76,6,6,6,6
shd,5772,reset_repaired,shd-test-00204,76,6,6,6,6
shd,8119,original,shd-test-00204,76,6,6,6,6
shd,8119,reset_repaired,shd-test-00204,76,6,6,6,6
shd,1701,original,shd-test-00208,77,1,1,1,19
shd,1701,reset_repaired,shd-test-00208,77,1,1,1,19
shd,2718,original,shd-test-00208,77,1,19,9,19
shd,2718,reset_repaired,shd-test-00208,77,1,19,1,19
shd,3141,original,shd-test-00208,77,1,1,1,19
shd,3141,reset_repaired,shd-test-00208,77,1,1,1,19
shd,5772,original,shd-test-00208,77,19,19,19,19
shd,5772,reset_repaired,shd-test-00208,77,19,19,19,19
shd,8119,original,shd-test-00208,77,1,1,1,19
shd,8119,reset_repaired,shd-test-00208,77,1,1,1,19
shd,1701,original,shd-test-00211,78,12,12,12,12
shd,1701,reset_repaired,shd-test-00211,78,12,12,12,12
shd,2718,original,shd-test-00211,78,12,16,16,12
shd,2718,reset_repaired,shd-test-00211,78,12,12,12,12
shd,3141,original,shd-test-00211,78,12,12,12,12
shd,3141,reset_repaired,shd-test-00211,78,12,12,12,12
shd,5772,original,shd-test-00211,78,12,12,12,12
shd,5772,reset_repaired,shd-test-00211,78,12,12,12,12
shd,8119,original,shd-test-00211,78,12,12,12,12
shd,8119,reset_repaired,shd-test-00211,78,12,12,12,12
shd,1701,original,shd-test-00214,79,16,16,16,12
shd,1701,reset_repaired,shd-test-00214,79,16,16,12,12
shd,2718,original,shd-test-00214,79,13,16,16,12
shd,2718,reset_repaired,shd-test-00214,79,13,16,16,12
shd,3141,original,shd-test-00214,79,12,16,16,12
shd,3141,reset_repaired,shd-test-00214,79,12,12,16,12
shd,5772,original,shd-test-00214,79,12,16,16,12
shd,5772,reset_repaired,shd-test-00214,79,12,12,12,12
shd,8119,original,shd-test-00214,79,13,16,16,12
shd,8119,reset_repaired,shd-test-00214,79,13,13,13,12
shd,1701,original,shd-test-00216,80,12,12,16,12
shd,1701,reset_repaired,shd-test-00216,80,12,12,12,12
shd,2718,original,shd-test-00216,80,13,13,5,12
shd,2718,reset_repaired,shd-test-00216,80,13,13,13,12
shd,3141,original,shd-test-00216,80,12,5,5,12
shd,3141,reset_repaired,shd-test-00216,80,12,11,11,12
shd,5772,original,shd-test-00216,80,12,12,12,12
shd,5772,reset_repaired,shd-test-00216,80,12,12,12,12
shd,8119,original,shd-test-00216,80,13,13,12,12
shd,8119,reset_repaired,shd-test-00216,80,13,13,13,12
shd,1701,original,shd-test-00219,81,3,3,3,3
shd,1701,reset_repaired,shd-test-00219,81,3,3,3,3
shd,2718,original,shd-test-00219,81,3,3,3,3
shd,2718,reset_repaired,shd-test-00219,81,3,3,3,3
shd,3141,original,shd-test-00219,81,3,3,3,3
shd,3141,reset_repaired,shd-test-00219,81,3,3,3,3
shd,5772,original,shd-test-00219,81,3,3,3,3
shd,5772,reset_repaired,shd-test-00219,81,3,10,10,3
shd,8119,original,shd-test-00219,81,3,3,3,3
shd,8119,reset_repaired,shd-test-00219,81,3,10,3,3
shd,1701,original,shd-test-00220,82,8,8,8,3
shd,1701,reset_repaired,shd-test-00220,82,8,14,8,3
shd,2718,original,shd-test-00220,82,14,14,14,3
shd,2718,reset_repaired,shd-test-00220,82,14,14,14,3
shd,3141,original,shd-test-00220,82,14,3,3,3
shd,3141,reset_repaired,shd-test-00220,82,14,14,14,3
shd,5772,original,shd-test-00220,82,14,14,14,3
shd,5772,reset_repaired,shd-test-00220,82,14,14,14,3
shd,8119,original,shd-test-00220,82,14,14,14,3
shd,8119,reset_repaired,shd-test-00220,82,14,14,14,3
shd,1701,original,shd-test-00225,83,0,0,0,0
shd,1701,reset_repaired,shd-test-00225,83,0,0,0,0
shd,2718,original,shd-test-00225,83,0,2,2,0
shd,2718,reset_repaired,shd-test-00225,83,0,0,0,0
shd,3141,original,shd-test-00225,83,0,17,17,0
shd,3141,reset_repaired,shd-test-00225,83,0,0,0,0
shd,5772,original,shd-test-00225,83,0,17,17,0
shd,5772,reset_repaired,shd-test-00225,83,0,0,0,0
shd,8119,original,shd-test-00225,83,0,0,0,0
shd,8119,reset_repaired,shd-test-00225,83,0,0,0,0
shd,1701,original,shd-test-00228,84,15,15,15,15
shd,1701,reset_repaired,shd-test-00228,84,15,15,15,15
shd,2718,original,shd-test-00228,84,15,15,15,15
shd,2718,reset_repaired,shd-test-00228,84,15,15,15,15
shd,3141,original,shd-test-00228,84,15,15,15,15
shd,3141,reset_repaired,shd-test-00228,84,15,15,15,15
shd,5772,original,shd-test-00228,84,15,15,15,15
shd,5772,reset_repaired,shd-test-00228,84,15,15,15,15
shd,8119,original,shd-test-00228,84,15,15,15,15
shd,8119,reset_repaired,shd-test-00228,84,15,1,1,15
shd,1701,original,shd-test-00230,85,9,5,9,9
shd,1701,reset_repaired,shd-test-00230,85,9,9,9,9
shd,2718,original,shd-test-00230,85,5,5,5,9
shd,2718,reset_repaired,shd-test-00230,85,5,5,9,9
shd,3141,original,shd-test-00230,85,5,9,9,9
shd,3141,reset_repaired,shd-test-00230,85,5,9,9,9
shd,5772,original,shd-test-00230,85,19,19,5,9
shd,5772,reset_repaired,shd-test-00230,85,19,19,19,9
shd,8119,original,shd-test-00230,85,9,5,5,9
shd,8119,reset_repaired,shd-test-00230,85,9,5,9,9
shd,1701,original,shd-test-00231,86,9,13,13,9
shd,1701,reset_repaired,shd-test-00231,86,9,13,13,9
shd,2718,original,shd-test-00231,86,9,9,9,9
shd,2718,reset_repaired,shd-test-00231,86,9,9,9,9
shd,3141,original,shd-test-00231,86,9,9,9,9
shd,3141,reset_repaired,shd-test-00231,86,9,9,9,9
shd,5772,original,shd-test-00231,86,13,13,13,9
shd,5772,reset_repaired,shd-test-00231,86,13,13,13,9
shd,8119,original,shd-test-00231,86,9,13,13,9
shd,8119,reset_repaired,shd-test-00231,86,9,13,13,9
shd,1701,original,shd-test-00234,87,14,14,14,14
shd,1701,reset_repaired,shd-test-00234,87,14,14,14,14
shd,2718,original,shd-test-00234,87,14,14,14,14
shd,2718,reset_repaired,shd-test-00234,87,14,14,14,14
shd,3141,original,shd-test-00234,87,14,14,14,14
shd,3141,reset_repaired,shd-test-00234,87,14,14,14,14
shd,5772,original,shd-test-00234,87,14,14,14,14
shd,5772,reset_repaired,shd-test-00234,87,14,14,14,14
shd,8119,original,shd-test-00234,87,14,14,14,14
shd,8119,reset_repaired,shd-test-00234,87,14,14,14,14
shd,1701,original,shd-test-00241,88,0,3,2,2
shd,1701,reset_repaired,shd-test-00241,88,0,14,2,2
shd,2718,original,shd-test-00241,88,2,2,2,2
shd,2718,reset_repaired,shd-test-00241,88,2,0,2,2
shd,3141,original,shd-test-00241,88,2,2,2,2
shd,3141,reset_repaired,shd-test-00241,88,2,2,2,2
shd,5772,original,shd-test-00241,88,2,2,2,2
shd,5772,reset_repaired,shd-test-00241,88,2,2,2,2
shd,8119,original,shd-test-00241,88,2,2,2,2
shd,8119,reset_repaired,shd-test-00241,88,2,2,2,2
shd,1701,original,shd-test-00242,89,6,6,6,6
shd,1701,reset_repaired,shd-test-00242,89,6,6,6,6
shd,2718,original,shd-test-00242,89,6,6,6,6
shd,2718,reset_repaired,shd-test-00242,89,6,6,6,6
shd,3141,original,shd-test-00242,89,6,6,6,6
shd,3141,reset_repaired,shd-test-00242,89,6,6,6,6
shd,5772,original,shd-test-00242,89,6,6,6,6
shd,5772,reset_repaired,shd-test-00242,89,6,6,6,6
shd,8119,original,shd-test-00242,89,6,6,6,6
shd,8119,reset_repaired,shd-test-00242,89,6,6,6,6
shd,1701,original,shd-test-00243,90,6,6,6,6
shd,1701,reset_repaired,shd-test-00243,90,6,6,6,6
shd,2718,original,shd-test-00243,90,6,6,6,6
shd,2718,reset_repaired,shd-test-00243,90,6,6,6,6
shd,3141,original,shd-test-00243,90,6,6,6,6
shd,3141,reset_repaired,shd-test-00243,90,6,6,6,6
shd,5772,original,shd-test-00243,90,6,6,6,6
shd,5772,reset_repaired,shd-test-00243,90,6,6,6,6
shd,8119,original,shd-test-00243,90,6,6,6,6
shd,8119,reset_repaired,shd-test-00243,90,6,6,6,6
shd,1701,original,shd-test-00248,91,9,13,14,1
shd,1701,reset_repaired,shd-test-00248,91,9,13,13,1
shd,2718,original,shd-test-00248,91,13,9,9,1
shd,2718,reset_repaired,shd-test-00248,91,13,9,9,1
shd,3141,original,shd-test-00248,91,13,9,9,1
shd,3141,reset_repaired,shd-test-00248,91,13,13,13,1
shd,5772,original,shd-test-00248,91,9,19,19,1
shd,5772,reset_repaired,shd-test-00248,91,9,9,9,1
shd,8119,original,shd-test-00248,91,9,14,13,1
shd,8119,reset_repaired,shd-test-00248,91,9,9,9,1
shd,1701,original,shd-test-00249,92,11,15,5,7
shd,1701,reset_repaired,shd-test-00249,92,11,11,11,7
shd,2718,original,shd-test-00249,92,7,7,7,7
shd,2718,reset_repaired,shd-test-00249,92,7,5,7,7
shd,3141,original,shd-test-00249,92,7,7,7,7
shd,3141,reset_repaired,shd-test-00249,92,7,7,7,7
shd,5772,original,shd-test-00249,92,7,19,7,7
shd,5772,reset_repaired,shd-test-00249,92,7,13,9,7
shd,8119,original,shd-test-00249,92,13,13,7,7
shd,8119,reset_repaired,shd-test-00249,92,13,13,7,7
shd,1701,original,shd-test-00254,93,11,11,11,11
shd,1701,reset_repaired,shd-test-00254,93,11,11,11,11
shd,2718,original,shd-test-00254,93,11,11,11,11
shd,2718,reset_repaired,shd-test-00254,93,11,11,11,11
shd,3141,original,shd-test-00254,93,11,11,11,11
shd,3141,reset_repaired,shd-test-00254,93,11,11,11,11
shd,5772,original,shd-test-00254,93,11,11,11,11
shd,5772,reset_repaired,shd-test-00254,93,11,11,11,11
shd,8119,original,shd-test-00254,93,11,11,11,11
shd,8119,reset_repaired,shd-test-00254,93,11,11,11,11
shd,1701,original,shd-test-00259,94,12,12,12,12
shd,1701,reset_repaired,shd-test-00259,94,12,12,12,12
shd,2718,original,shd-test-00259,94,12,7,7,12
shd,2718,reset_repaired,shd-test-00259,94,12,12,12,12
shd,3141,original,shd-test-00259,94,12,12,12,12
shd,3141,reset_repaired,shd-test-00259,94,12,12,12,12
shd,5772,original,shd-test-00259,94,12,12,12,12
shd,5772,reset_repaired,shd-test-00259,94,12,12,12,12
shd,8119,original,shd-test-00259,94,12,12,12,12
shd,8119,reset_repaired,shd-test-00259,94,12,12,12,12
shd,1701,original,shd-test-00264,95,1,1,1,1
shd,1701,reset_repaired,shd-test-00264,95,1,1,1,1
shd,2718,original,shd-test-00264,95,1,1,1,1
shd,2718,reset_repaired,shd-test-00264,95,1,1,1,1
shd,3141,original,shd-test-00264,95,1,1,1,1
shd,3141,reset_repaired,shd-test-00264,95,1,1,1,1
shd,5772,original,shd-test-00264,95,1,1,1,1
shd,5772,reset_repaired,shd-test-00264,95,1,1,1,1
shd,8119,original,shd-test-00264,95,1,1,1,1
shd,8119,reset_repaired,shd-test-00264,95,1,1,1,1
shd,1701,original,shd-test-00266,96,15,15,15,15
shd,1701,reset_repaired,shd-test-00266,96,15,15,15,15
shd,2718,original,shd-test-00266,96,15,15,15,15
shd,2718,reset_repaired,shd-test-00266,96,15,15,15,15
shd,3141,original,shd-test-00266,96,15,15,15,15
shd,3141,reset_repaired,shd-test-00266,96,15,15,15,15
shd,5772,original,shd-test-00266,96,15,15,15,15
shd,5772,reset_repaired,shd-test-00266,96,15,15,15,15
shd,8119,original,shd-test-00266,96,4,15,15,15
shd,8119,reset_repaired,shd-test-00266,96,4,15,15,15
shd,1701,original,shd-test-00268,97,18,18,18,18
shd,1701,reset_repaired,shd-test-00268,97,18,18,18,18
shd,2718,original,shd-test-00268,97,18,18,18,18
shd,2718,reset_repaired,shd-test-00268,97,18,18,18,18
shd,3141,original,shd-test-00268,97,18,18,18,18
shd,3141,reset_repaired,shd-test-00268,97,18,18,18,18
shd,5772,original,shd-test-00268,97,18,18,18,18
shd,5772,reset_repaired,shd-test-00268,97,18,18,18,18
shd,8119,original,shd-test-00268,97,18,18,18,18
shd,8119,reset_repaired,shd-test-00268,97,18,18,18,18
shd,1701,original,shd-test-00270,98,13,13,13,13
shd,1701,reset_repaired,shd-test-00270,98,13,13,13,13
shd,2718,original,shd-test-00270,98,13,5,13,13
shd,2718,reset_repaired,shd-test-00270,98,13,13,13,13
shd,3141,original,shd-test-00270,98,5,5,5,13
shd,3141,reset_repaired,shd-test-00270,98,5,5,13,13
shd,5772,original,shd-test-00270,98,13,13,13,13
shd,5772,reset_repaired,shd-test-00270,98,13,5,13,13
shd,8119,original,shd-test-00270,98,13,13,13,13
shd,8119,reset_repaired,shd-test-00270,98,13,13,13,13
shd,1701,original,shd-test-00271,99,3,3,3,3
shd,1701,reset_repaired,shd-test-00271,99,3,3,3,3
shd,2718,original,shd-test-00271,99,3,3,3,3
shd,2718,reset_repaired,shd-test-00271,99,3,3,3,3
shd,3141,original,shd-test-00271,99,3,3,3,3
shd,3141,reset_repaired,shd-test-00271,99,3,3,3,3
shd,5772,original,shd-test-00271,99,3,3,3,3
shd,5772,reset_repaired,shd-test-00271,99,3,3,3,3
shd,8119,original,shd-test-00271,99,3,3,3,3
shd,8119,reset_repaired,shd-test-00271,99,3,3,3,3
dvs,1701,original,dvs-test-00001,0,1,1,1,1
dvs,1701,floor_repaired,dvs-test-00001,0,1,1,1,1
dvs,1701,original,dvs-test-00002,1,10,10,10,10
dvs,1701,floor_repaired,dvs-test-00002,1,10,10,10,10
dvs,1701,original,dvs-test-00003,2,2,2,2,2
dvs,1701,floor_repaired,dvs-test-00003,2,2,2,2,2
dvs,1701,original,dvs-test-00004,3,3,10,10,3
dvs,1701,floor_repaired,dvs-test-00004,3,3,3,3,3
dvs,1701,original,dvs-test-00005,4,4,10,10,4
dvs,1701,floor_repaired,dvs-test-00005,4,4,4,4,4
dvs,1701,original,dvs-test-00007,5,6,9,9,6
dvs,1701,floor_repaired,dvs-test-00007,5,6,6,6,6
dvs,1701,original,dvs-test-00008,6,7,8,8,7
dvs,1701,floor_repaired,dvs-test-00008,6,7,7,7,7
dvs,1701,original,dvs-test-00009,7,10,9,10,8
dvs,1701,floor_repaired,dvs-test-00009,7,10,10,10,8
dvs,1701,original,dvs-test-00010,8,9,9,9,9
dvs,1701,floor_repaired,dvs-test-00010,8,9,9,9,9
dvs,1701,original,dvs-test-00011,9,0,0,0,0
dvs,1701,floor_repaired,dvs-test-00011,9,0,0,0,0
