sample_index,window_index,logit_0,logit_1,logit_2,logit_3,logit_4,logit_5,logit_6,logit_7,logit_8,logit_9,logit_10
0,0,-7588,-508,-7604,2804,-1040,-9760,-8600,-18616,-21980,-14624,-2612
0,1,-4356,1116,-5840,2076,240,-7520,-6684,-14356,-16624,-12244,-3244
0,2,-8304,296,-8400,2564,-2212,-11208,-9184,-20008,-24004,-18784,-2552
0,3,-9100,2204,-9156,2108,-2816,-11896,-9876,-20612,-25044,-20012,-2700
1,0,-368,-140,-248,168,284,-12,-80,-1748,-488,-1244,980
1,1,-2680,-2836,-1128,132,988,560,128,-4360,-304,-1148,3160
1,2,-1088,-1532,-484,124,1224,656,-124,-2880,488,-1380,3156
1,3,-2384,-4588,-1192,-132,464,360,492,-2612,1072,-176,2672
2,0,-8116,-10760,6868,-2376,-4552,128,4704,-10740,-3808,-7744,-2416
2,1,-9168,-11436,8052,-2672,-5680,-464,5268,-13128,-4332,-9152,-3040
2,2,-7672,-10220,8484,-516,-4564,-924,5896,-13000,-4780,-11136,-3272
2,3,-8064,-8528,8720,56,-4100,-2608,5864,-13432,-6184,-11296,-3340
3,0,-2680,-2808,-3288,3048,-448,-3724,-3580,-7148,-3884,-5472,376
3,1,-2724,-2500,-3348,3300,-556,-4176,-3644,-7456,-4592,-6648,-108
3,2,-2824,-2056,-4432,3160,20,-5204,-4036,-8916,-5944,-6544,-924
3,3,-3172,-2364,-4380,3028,-192,-4916,-4004,-8896,-5820,-6340,-468
4,0,-2984,164,-4532,-144,4260,-4912,-2860,-5928,-3416,-4868,268
4,1,-2788,-2432,-3908,-208,4056,-2592,-2048,-4116,-748,-2584,1812
4,2,-2468,-456,-4476,416,3324,-4164,-3116,-6228,-4360,-4412,-472
4,3,-3520,-1400,-5224,-880,5244,-4436,-3016,-6060,-2528,-4160,1308
5,0,-3572,-6372,-1564,-3112,-2268,1220,2888,-4672,-1352,-1268,-4
5,1,-3012,-6276,-1340,-2948,-1984,1332,3344,-4868,-1480,-1644,416
5,2,-3356,-6896,-344,-3644,-2536,1252,3232,-5256,-1188,-1664,496
5,3,-2164,-5008,-712,-2868,-1952,1240,2856,-4080,-1600,-1680,-180
6,0,-320,-6608,-7816,-1772,-1544,-580,-328,1824,1112,716,-768
6,1,204,-7060,-7828,-1484,-1708,-656,-412,1704,1468,908,-640
6,2,-308,-6368,-8136,-1872,-2844,-500,420,1652,932,1344,-1152
6,3,-440,-6276,-7580,-2092,-3128,-464,564,1396,564,1280,-1576
7,0,-408,-4820,-3576,-3480,-160,-216,224,-328,388,868,576
7,1,-408,-6700,-5528,-4356,-1668,104,472,-536,540,1436,468
7,2,-356,-5552,-3468,-2848,344,-264,-36,284,1068,400,1412
7,3,152,-6476,-3864,-3848,-1384,-164,-88,-384,864,1652,936
8,0,-1952,-7024,-2676,-4464,492,368,-52,-496,712,2312,320
8,1,-992,-5092,-2088,-3584,540,-248,-560,-1776,376,2224,304
8,2,-760,-6092,-3296,-3772,-48,-1012,-2280,-2056,-292,3224,-440
8,3,-1208,-7084,-3276,-3864,916,-124,-1716,-1268,892,2436,392
9,0,1364,-4676,-4248,-1212,-2372,-716,-268,-12,692,1256,-232
9,1,2392,-4660,-3620,-648,-1824,-1428,-1452,-268,956,1116,480
9,2,1172,-5056,-5308,-1204,-3108,-720,-232,240,992,1852,-84
9,3,824,-5004,-5512,-1304,-3060,-648,-24,556,960,1588,-292
10,0,-4888,-9136,3156,-1284,-3716,1604,2188,-7648,-3112,-4464,-1812
10,1,-5528,-9732,6644,-668,-4476,-8,4968,-11008,-3920,-10672,-3436
10,2,-5580,-9276,6532,-1080,-4420,-328,3708,-10488,-3272,-8008,-2744
10,3,-5140,-9272,8408,-228,-4324,-816,6080,-10796,-3380,-10236,-2660
11,0,-2548,-3572,-3032,2900,-948,-3588,-3356,-6868,-3176,-4312,1388
11,1,-2252,-2136,-3524,3100,-844,-4572,-3512,-7976,-5724,-7252,-544
11,2,-2536,-3308,-3524,3188,-596,-4484,-3748,-7848,-4500,-5428,720
11,3,-3328,-3180,-4460,3332,-156,-4792,-3848,-9272,-5532,-5420,364
12,0,-2500,-924,-4560,4,3548,-3644,-2208,-5388,-1816,-3208,1152
12,1,-2572,-1672,-4540,-172,3368,-4052,-2524,-6296,-2740,-3400,736
12,2,-3072,-2012,-4136,-416,3152,-3048,-2104,-5352,-1880,-2728,2384
12,3,-2064,-612,-4236,1356,2620,-4008,-2760,-5912,-3472,-3952,312
13,0,-3664,-5808,84,-1096,-1424,2048,868,-6116,-1888,-2572,792
13,1,-2632,-4904,-184,-860,-928,1876,1304,-4724,-1520,-2064,308
13,2,-3096,-5636,948,-676,-904,2264,528,-4896,-1924,-2540,-16
13,3,-2912,-5688,-752,-1528,-520,2388,756,-5160,-1744,-2348,528
14,0,-2192,-5372,-520,-1592,-2056,1220,2652,-4296,-1392,-2428,152
14,1,-2200,-5028,-748,-1660,-1876,996,2184,-3692,-1088,-1484,72
14,2,-1896,-4476,-1212,-1436,-1964,788,2436,-3808,-1144,-1716,264
14,3,-2712,-5560,-1780,-2524,-3440,380,3172,-5380,-1748,-1968,396
15,0,-472,-4372,-5236,-2060,-1848,-184,328,1108,200,660,-1104
15,1,-232,-6396,-7220,-1712,-1688,-56,44,1948,1264,1112,-752
15,2,-372,-5508,-7468,-1804,-3184,232,1196,1652,1096,1880,-1116
15,3,-440,-5016,-5828,-1792,-2008,424,644,1484,800,1312,-1100
16,0,212,-6640,-6840,-3580,-1896,436,68,204,1624,1476,568
16,1,0,-7248,-7304,-3920,-1996,440,200,416,1700,1752,544
16,2,-228,-7676,-7416,-4216,-1268,324,24,500,1736,1676,1012
16,3,-392,-8028,-8516,-4580,-1148,-112,-76,1124,2056,1640,1300
17,0,-2812,-7832,-5100,-4664,-1668,-992,-1524,-5444,-2332,4384,-628
17,1,-2000,-6008,-3616,-3788,-1728,-828,-876,-4076,-2044,3212,-704
17,2,-1664,-6544,-4032,-4120,-500,-668,-1492,-4228,-1616,3600,300
17,3,-740,-5144,-3788,-3036,-988,-208,-860,-3568,-880,2672,184
18,0,1344,-5628,-4124,-1416,-1432,0,-324,1040,1500,280,164
18,1,712,-5932,-6416,-1496,-2752,240,112,1460,2068,1192,188
18,2,68,-4760,-5508,-1372,-3488,76,988,248,852,1352,-136
18,3,332,-5248,-6168,-936,-3512,-24,1288,348,1200,1416,52
19,0,-1060,-1412,-732,92,-104,144,0,-1752,-480,-1412,924
19,1,-2340,-1960,-764,756,564,164,-580,-3116,-820,-1220,2068
19,2,-1608,-1676,-20,560,596,368,-32,-2572,-484,-1496,1616
19,3,-932,-2572,-804,-72,408,544,396,-492,648,-972,1360
20,0,-2400,-6288,380,-1364,-2832,932,1568,-4944,-2800,-3852,-1540
20,1,-3552,-7556,3040,-476,-2848,1192,2760,-7416,-3488,-7216,-1988
20,2,-3636,-7136,2284,-992,-2808,972,2624,-7092,-3368,-6704,-1724
20,3,-7204,-9320,5040,-1372,-3916,-356,3036,-10784,-5200,-8808,-2180
21,0,-3356,-3052,-4120,80,3612,-3376,-2632,-4396,-1432,-2656,1788
21,1,-4428,672,-5504,92,4180,-6344,-3716,-7476,-6212,-4784,-252
21,2,-5652,-2224,-6112,-752,5312,-5716,-3320,-6168,-2044,-3040,3196
21,3,-3476,-716,-5252,1220,3356,-5760,-3900,-7176,-5492,-5116,-264
22,0,-708,-5868,-5064,-1672,584,292,-904,2332,1508,48,428
22,1,-440,-6488,-5624,-1788,644,628,-644,2720,1872,-196,536
22,2,-424,-6240,-5660,-1920,-68,464,-428,2392,1508,308,12
22,3,-216,-5624,-5236,-1512,-144,196,-720,2120,1288,372,-68
23,0,-468,-6620,-4904,-2560,1340,356,-764,468,2780,268,1572
23,1,20,-6736,-6092,-1792,-468,96,-692,636,2216,292,640
23,2,-956,-6380,-4888,-3720,64,524,120,396,1696,1148,740
23,3,-500,-9364,-9112,-4196,-696,728,328,1852,3012,1448,1520
24,0,-1864,-8056,-6220,-5236,1364,756,-396,-1708,968,2764,1116
24,1,-1244,-5620,-4096,-3668,1156,-956,-1556,-2432,-408,2812,540
24,2,-1480,-6936,-5308,-4032,-4,-956,-1792,-2876,-1160,3536,-348
24,3,-1616,-6816,-3192,-4352,-780,-484,-1132,-2656,-1024,2972,-672
25,0,300,-1784,-436,176,-1624,-956,-84,-1656,-188,20,888
25,1,-168,-1732,-500,-80,-1112,-340,188,-1260,-72,212,540
25,2,-224,-1296,-772,36,-760,-504,68,-916,-284,-380,568
25,3,-1916,-492,-2404,1144,-800,-1904,-956,-2700,-992,-3836,224
26,0,-3940,-6040,5880,752,-1744,-1068,596,-9956,-3844,-8120,908
26,1,-12676,-11244,10204,156,-2864,-3584,-1468,-20640,-11592,-19560,-444
26,2,-13412,-15936,11012,-640,-4688,-900,-1360,-21608,-11436,-20460,1956
26,3,-17308,-13468,9968,-284,-2472,-4516,-1184,-20636,-12836,-18416,1820
27,0,-1040,868,-1528,1032,-288,-2920,-2596,-5308,-5724,-8400,-1128
27,1,-1868,748,-2164,1352,720,-2836,-3056,-4152,-5268,-6764,-1364
27,2,-1340,1136,-1704,1220,900,-2840,-2980,-4520,-5572,-8144,-1644
27,3,-1332,1556,-1676,1096,432,-2988,-3152,-5192,-5784,-9492,-2288
28,0,-3080,-8948,1284,-2368,-3852,1824,1248,-4548,-2324,-1932,-1272
28,1,-3040,-9608,2504,-3236,-4428,2328,1604,-5432,-2452,-3204,-1664
28,2,-3320,-10772,1668,-4248,-5120,2564,2196,-5676,-2084,-2840,-1600
28,3,-2828,-10272,1896,-3616,-4440,2432,1236,-5160,-2080,-3628,-1736
29,0,-632,-7660,2224,-2640,-4636,1488,2700,-4188,-1540,-2288,-1076
29,1,-2000,-8100,728,-3040,-4380,1212,2024,-3820,-1672,-628,-1436
29,2,-1832,-8468,776,-3692,-4760,968,1572,-3700,-1936,-1088,-2348
29,3,-2052,-8764,2036,-3408,-4556,1676,2096,-4248,-1820,-2212,-1544
30,0,-564,-5772,-4588,-2240,-68,104,-700,2156,1100,168,92
30,1,-76,-4300,-3240,-1460,-828,-432,-792,1664,552,-88,-444
30,2,216,-5380,-3188,-1696,-2076,-352,-460,1480,456,296,-1020
30,3,-12,-6464,-4568,-2152,-1544,-80,-536,2424,1004,-144,-732
31,0,472,-3188,-2692,-344,304,76,-968,448,1220,-120,564
31,1,356,-3496,-2776,-908,788,12,-1104,456,1336,-56,968
31,2,20,-3684,-2900,-796,1388,-84,-1396,832,1716,-108,1096
31,3,-72,-3800,-3320,-1136,676,-48,-1216,924,1156,180,564
32,0,-3836,5384,-6900,-4504,-6048,-8676,-4644,-11876,-14716,-10192,2396
32,1,-7984,8064,-12052,-4580,-8360,-9772,-7132,-12776,-17528,-13712,-1176
32,2,-6684,7040,-10048,-4468,-7664,-9752,-6824,-12424,-17364,-13352,84
32,3,-7976,6628,-10640,-3388,-8076,-8452,-6936,-10568,-15824,-11096,-1092
33,0,-1892,-2024,-792,664,624,84,220,-1304,908,-512,1836
33,1,-2676,-2492,-1072,760,708,372,512,-1400,1188,-420,1984
33,2,-2152,-1952,-868,752,488,172,244,-1288,768,-384,1644
33,3,-1700,-1540,-700,580,280,-100,148,-1364,488,-328,1480
34,0,-5804,-7888,6220,640,-1948,-620,1880,-9964,-2888,-7136,1820
34,1,-5724,-7280,7260,580,-3080,-1888,3196,-11396,-4256,-10920,876
34,2,-9744,-9388,8704,-748,-4196,-3400,3940,-14668,-6604,-13840,588
34,3,-6656,-6972,7916,1232,-3176,-3280,2976,-13392,-6472,-13692,744
35,0,-620,-296,-1576,656,-1084,-2156,-336,-1944,-2256,-5088,-984
35,1,-1252,312,-2028,604,-360,-2044,-1564,-3092,-4096,-5444,-1820
35,2,-852,1012,-2284,232,-68,-2576,-1548,-3348,-4756,-6676,-2492
35,3,-768,1276,-2020,420,500,-2416,-1492,-2840,-4128,-7796,-3176
36,0,-1132,856,-3088,848,544,-3204,-1500,-2848,-3552,-5548,-2516
36,1,-888,1036,-2592,352,692,-2820,-1192,-2560,-3364,-5108,-2484
36,2,-1364,1612,-2928,708,784,-3544,-2216,-3684,-4232,-6968,-3128
36,3,-2028,1304,-2332,1360,764,-2952,-3192,-3944,-4976,-6916,-2244
37,0,-2260,-6896,2672,-496,-1456,2080,1532,-4064,-876,-3188,540
37,1,-1056,-6632,2564,-1616,-2316,1552,1700,-3860,-412,-3340,-32
37,2,-1324,-7352,2548,-1396,-2512,1932,1868,-4148,-600,-3608,-156
37,3,-1092,-7132,1420,-2128,-3188,1772,1884,-3520,-728,-1916,-468
38,0,420,-5520,1960,-1524,-3588,992,2808,-2524,8,-1932,-236
38,1,-428,-6976,1992,-2376,-3668,1296,2800,-3716,-188,-3248,-284
38,2,280,-5176,1116,-1576,-3324,840,2052,-1852,-92,-1296,-660
38,3,-1020,-7108,988,-2780,-4608,800,3136,-3804,-644,-2364,-772
39,0,1640,-3148,-536,-868,-2924,-200,644,-2248,-1108,4,772
39,1,948,-5488,-2740,-2024,-2672,1452,984,-852,1080,1000,360
39,2,376,-4580,-832,-1468,-2204,1700,1252,-592,872,1096,-212
39,3,1116,-2056,460,-740,-1900,948,1084,-456,464,840,-156
40,0,-6444,4304,-6648,1524,1524,-9384,-6780,-12600,-11044,-7756,-1280
40,1,-7260,4272,-6392,2408,708,-9080,-7732,-13820,-13628,-10468,-1372
40,2,-6000,4212,-5556,1768,696,-8540,-7164,-11772,-10252,-8108,-1380
40,3,-6976,4688,-5608,2928,-120,-8308,-8792,-13520,-11624,-12104,-2224
41,0,116,-2268,-3044,1080,-800,-2360,-2132,-3652,-2056,-3216,336
41,1,-1656,-2472,-3228,2276,-240,-3092,-1860,-5388,-3940,-4564,-328
41,2,-2240,-2452,-2800,2728,-64,-2716,-2228,-5264,-3252,-3604,1064
41,3,-3920,-4144,-4564,3200,644,-3316,-2916,-7184,-2988,-3788,2580
42,0,-5272,-11456,-2548,-4080,-2548,2900,704,-5556,-712,-252,1192
42,1,-2636,-10352,-5272,-5604,-1920,2856,724,-4724,152,312,1940
42,2,-3992,-11164,-8196,-6228,-2976,3408,1492,-4652,1112,1504,2484
42,3,-6364,-13492,-5376,-5952,-3272,4044,1492,-7076,-60,364,1836
43,0,1376,-6228,-3156,-876,-1464,1040,644,3776,1792,-772,720
43,1,1996,-7736,-3324,-448,-2508,728,428,4448,1956,-1124,-220
43,2,2068,-8684,-3944,-504,-2600,756,328,4956,2188,-1184,-404
43,3,1512,-7520,-4120,-844,-1868,728,148,4288,2192,-840,168
44,0,-4168,-7204,-8688,-3784,-5088,-96,36,-5432,-2440,4672,-828
44,1,-3632,-6300,-5724,-2300,-2404,544,1536,-3868,-912,2092,1468
44,2,-3308,-5588,-3292,-2276,-1172,-16,568,-3060,-960,1244,540
44,3,-2556,-6508,-3600,-3068,-1032,-292,-340,-2788,-804,1508,448
45,0,2960,-8488,-5848,-2212,-3112,464,-1120,1160,2512,88,-12
45,1,2700,-6488,-4804,-2112,-2680,300,-912,852,1644,76,-72
45,2,2760,-7668,-6084,-2192,-3092,252,-1080,1124,2204,744,172
45,3,2460,-7764,-6204,-2216,-2876,548,-896,1080,2672,688,496
46,0,-6908,4844,-6660,1440,1168,-9212,-6980,-12436,-10468,-8840,-1084
46,1,-8124,6008,-6724,372,1064,-9364,-6348,-12908,-11320,-9184,-1032
46,2,-7792,5892,-6540,688,1568,-9452,-6496,-12100,-11240,-9200,-1888
46,3,-8120,5888,-6836,1868,1080,-9408,-7584,-13304,-11680,-11512,-1556
47,0,-5168,-1756,-1600,-3024,-3180,-1416,-1488,-8360,-5132,2196,2252
47,1,-5616,-2512,-2128,-2980,-3884,-896,-1424,-8056,-5308,2072,2392
47,2,-6048,-3164,-4756,-3468,-4544,-1000,-756,-7940,-4700,2856,3064
47,3,-6328,-3956,-6372,-4188,-3300,-152,108,-7536,-2896,3616,3712
48,0,-3608,-4196,-3900,2364,300,-2712,-2544,-5828,-2892,-3216,2156
48,1,-4160,-3516,-3952,3024,324,-3036,-2720,-6872,-3756,-3976,1776
48,2,-3592,-4316,-4008,2372,120,-2548,-2160,-6228,-2408,-2924,2564
48,3,-2588,-2188,-4184,1616,-148,-3156,-2032,-5584,-2452,-2944,1648
49,0,-4732,-9292,-2940,-3524,-2064,2356,456,-5748,-1288,108,2012
49,1,-5588,-11368,-6112,-6564,-4092,3224,2388,-6672,-780,480,1260
49,2,-5936,-11392,-3892,-5020,-3684,3368,2144,-6432,-708,-556,1064
49,3,-3060,-9456,-3136,-3604,-2764,2248,1040,-3828,-280,-172,1084
50,0,964,-4440,-2356,-692,-1276,732,528,1716,1532,-144,388
50,1,868,-5076,-3404,-924,-1220,812,468,1804,2068,160,488
50,2,768,-4684,-3012,-720,-1476,736,516,1332,1860,504,156
50,3,932,-6064,-4636,-1188,-1552,1156,740,2020,2632,576,416
51,0,-3856,-6224,-5340,-2856,-4252,-680,732,-4216,-2536,3248,-372
51,1,-3096,-5476,-2104,-580,-1464,-480,-568,-2516,-312,552,476
51,2,-1780,-4512,-2968,260,-404,-176,-12,-1936,892,320,1672
51,3,-2928,-5828,-4132,-924,-2480,-616,632,-3248,-516,1252,952
52,0,-576,3252,-4472,632,2364,-5264,-1752,-5208,-3248,-3720,-4088
52,1,-296,3152,-4304,616,2300,-5292,-1472,-5412,-3428,-4620,-5144
52,2,-660,2880,-4112,332,1988,-5292,-1244,-4484,-3240,-5024,-4756
52,3,-312,3092,-4212,448,2252,-5352,-1272,-4956,-3208,-5096,-5368
53,0,-3560,-7032,1924,-528,-1848,1960,1100,-3900,-792,-1812,24
53,1,-5020,-8880,664,-2728,-2688,1668,1460,-4024,-892,-1092,-656
53,2,-6184,-9900,-244,-3280,-3520,1464,1680,-5176,-1664,-612,-456
53,3,-5636,-10004,-652,-4164,-4108,1456,2008,-4712,-1916,-344,-1264
54,0,-600,-240,-2200,992,1704,-1836,-884,-2336,-1292,-2148,-744
54,1,-1056,-2084,-1560,404,1752,-164,-328,-808,240,-1368,556
54,2,-884,-948,-2300,288,1972,-1172,-524,-1700,-668,-1528,-924
54,3,-696,-752,-1772,0,2100,-612,-292,-1412,288,-960,-80
55,0,-1168,-3760,-1220,-2036,312,1224,408,-516,1044,244,552
55,1,-2256,-5824,-312,-2036,-400,1620,1048,-720,636,40,256
55,2,-1708,-4208,-80,-1280,-904,1024,860,-780,40,-60,-100
55,3,-1936,-5356,-860,-2048,-616,1696,1080,-1180,748,-60,236
56,0,-1140,-3300,-880,-1540,-80,956,896,-352,852,376,484
56,1,-1444,-3076,-932,-1112,-684,824,1192,-348,520,824,152
56,2,-1224,-3296,-160,-852,-588,988,1292,-520,628,268,344
56,3,-1492,-3944,-628,-1168,-636,1144,1600,-948,744,116,500
57,0,584,-4104,-2600,-1288,0,808,240,2880,1248,-1496,1488
57,1,1088,-3960,-1684,-500,-1124,660,1000,2280,744,-1564,684
57,2,1000,-4540,-2384,-900,-804,724,712,2792,1104,-1716,1076
57,3,856,-4924,-3028,-1300,-492,784,428,3044,1536,-1560,1336
58,0,616,-3640,-2368,-580,-268,484,404,1784,1128,-760,588
58,1,876,-6484,-4248,-1660,-104,1176,364,3060,2120,-1240,1312
58,2,972,-7220,-4640,-1828,-112,1428,424,3328,2460,-944,1308
58,3,1140,-7040,-4552,-1652,-440,1168,408,2676,2420,-1044,1064
59,0,2744,-7420,-3620,-1604,-2496,1404,388,960,2444,-708,144
59,1,2920,-8072,-4480,-2008,-2656,1480,-56,1012,2712,-436,360
59,2,3080,-8196,-4236,-1740,-3000,1080,40,2576,2292,-824,136
59,3,2940,-7304,-3972,-1688,-2792,1176,72,1672,2308,-676,236
60,0,-6512,5040,-5048,-364,1036,-9412,-5548,-10148,-9920,-5604,-1084
60,1,-8164,6516,-7068,576,1240,-11644,-7532,-13724,-13168,-11368,-2624
60,2,-7720,5740,-6140,792,1356,-9716,-6580,-11556,-11232,-8936,-3084
60,3,-8120,7416,-7504,352,3052,-10796,-6156,-12808,-11872,-10932,-3800
61,0,-1776,-996,-3532,-916,1572,-1696,-1332,-4160,-1544,-2096,1156
61,1,-7284,-6924,512,2080,-1460,-400,-1576,-7136,-4292,-3616,3380
61,2,-5312,-6408,-3060,-1336,1080,-736,-928,-6408,-1296,-1804,3656
61,3,-4568,2764,-5028,-2120,1612,-6568,-2148,-6952,-3660,-112,828
62,0,-9168,-12192,2632,-736,-5348,1100,-324,-11380,-6876,-4272,1704
62,1,-8092,-13496,2640,-3124,-5452,1024,452,-10256,-4712,-4216,32
62,2,-7300,-12872,600,-4868,-6208,924,1884,-9632,-4148,-3584,-572
62,3,-7988,-13064,336,-5228,-6556,1240,2116,-9996,-4388,-3116,-604
63,0,-1960,-3836,-3032,2132,-248,-1848,-1540,-5316,-2636,-3036,644
63,1,-4956,-4176,-3300,3340,1228,-3196,-3320,-8980,-5888,-4912,1396
63,2,-3964,-5012,-3868,2500,16,-1660,-2252,-6344,-1684,-2116,2388
63,3,-1076,-4148,-2628,1380,-440,-1476,-1272,-3528,-228,-960,2028
64,0,-3024,-3356,-4424,936,1300,-2920,-1920,-4456,52,-392,3000
64,1,-2580,-3704,-3604,872,1044,-2388,-1768,-4336,-24,-720,3020
64,2,-3568,-3128,-4876,532,1924,-3600,-1884,-5056,-872,-780,2808
64,3,-4788,-1248,-6388,1472,3064,-5400,-2912,-7536,-2496,-2096,2188
65,0,-3304,-7356,-1840,-2320,-2508,1312,-60,-5248,-1876,-1004,1412
65,1,-2040,-8308,-3184,-3536,-1924,2852,192,-4388,36,-576,1612
65,2,-3884,-8984,-2776,-4056,-1804,2792,-316,-6124,-1004,-472,1508
65,3,-6428,-10268,-3236,-3588,-3140,2620,772,-7492,-2068,-268,2228
66,0,-4168,-8268,-5244,-4228,-3344,1372,2608,-5484,-1312,-444,1660
66,1,-1956,-6284,-2000,-3848,-2900,1276,2924,-4468,-864,-484,1660
66,2,-2296,-8172,-1704,-2972,-5020,416,2828,-4128,-1312,-1488,492
66,3,-3576,-7868,-2356,-4600,-4492,1556,4580,-6032,-1704,-932,1736
67,0,740,-7064,-5324,-1332,436,640,-572,1916,2716,-184,1204
67,1,1460,-6432,-5108,-1028,-332,224,-648,1232,2644,-112,732
67,2,1260,-6728,-5564,-1160,-332,580,-300,1964,2756,272,728
67,3,888,-6544,-5080,-1316,256,476,-636,1504,2652,-40,1000
68,0,-1964,-3172,-1724,-232,236,-100,-180,-1580,236,336,1592
68,1,-2920,-5852,-3752,-80,-956,-184,-692,-2708,196,1016,1284
68,2,-2060,-4544,-3508,-340,-400,-360,-728,-1588,364,428,800
68,3,-3596,-6936,-5144,-2672,-892,408,-276,-3600,-400,1788,984
69,0,2668,-5936,-3172,-1548,-2812,284,-292,1180,1440,456,464
69,1,3084,-6192,-2328,-832,-3344,124,-140,1344,1212,20,-132
69,2,2692,-5548,-2424,-708,-3148,-4,-96,1168,1004,68,-284
69,3,2484,-5820,-2948,-1112,-2712,68,-196,1468,1384,428,160
70,0,-3420,-1516,-2428,-932,-540,-1288,-2228,-5620,-4424,-2028,3156
70,1,-1520,576,-2204,652,788,-2104,-1212,-3208,-2128,-176,164
70,2,-3000,2804,-2588,-1428,392,-4268,-1712,-6812,-6048,-2256,132
70,3,-2980,-3992,-164,424,-2112,-752,-1312,-4768,-4512,-1716,2176
71,0,-1532,-2776,-3028,792,108,-1296,-848,-3232,-1556,-1880,1540
71,1,-4768,-5112,-4608,3632,1580,-3300,-3200,-8444,-4056,-4512,2520
71,2,-576,-1128,-1808,1640,8,-1808,-1356,-4252,-3988,-4672,-300
71,3,-4720,-6088,-4316,4184,964,-3748,-3568,-9184,-4400,-5068,2928
72,0,-3716,-5216,-4500,-1888,-1204,548,284,-3304,-76,3120,1308
72,1,-4484,-7004,-4932,-2032,-1812,1340,744,-4472,-884,2300,1952
72,2,-3176,-5076,-2728,-1744,-2740,-692,-196,-3340,-2060,1820,-448
72,3,-3004,-5084,-2984,-2152,-3172,-316,540,-2880,-1392,2408,-680
73,0,240,-3180,1976,1716,-268,1888,1548,-4320,-1584,-3580,732
73,1,-2488,-5760,4540,1872,-188,1860,1576,-6992,-1576,-4944,1596
73,2,-3232,-6580,4184,952,-496,2156,2092,-7068,-1848,-5800,1312
73,3,-3472,-6436,4548,1132,-320,1368,1412,-7408,-2184,-5772,1124
74,0,2120,272,-1248,2728,1520,224,232,-3744,-3124,-6852,-1964
74,1,1816,-316,-1564,2832,1584,-188,-560,-3580,-3624,-6840,-1500
74,2,1544,-92,-964,2400,1048,-140,0,-3000,-2224,-5188,-1376
74,3,1136,-440,-1800,1836,1008,-572,-760,-2868,-2104,-4928,-1268
75,0,-700,-1540,-1548,-384,-800,-340,-476,632,-432,-364,-84
75,1,-712,-3812,-4556,-3252,-2892,-556,-1932,1148,-2076,-952,-1252
75,2,-704,-3628,-4352,-3048,-2208,-504,-2004,1268,-1744,-1284,-744
75,3,-624,-3732,-4440,-2912,-2148,-532,-2084,1284,-1412,-1048,-728
76,0,1692,-7696,-5524,-1744,-1992,460,-200,2728,3044,-28,356
76,1,2032,-8548,-6020,-1340,-2852,772,8,3564,3392,64,256
76,2,2380,-9120,-6376,-1408,-2704,328,-480,2912,3524,28,-132
76,3,2444,-8904,-6108,-1580,-2404,692,-304,2764,3620,104,512
77,0,160,-6772,-5644,-3412,-4024,-2404,-2756,476,-404,3800,-2220
77,1,-532,-6164,-4400,-3068,-4300,-1916,-2096,-1540,-1656,3248,-3172
77,2,696,-5936,-4448,-4212,-4016,-2776,-3932,-1980,-2080,5172,-2856
77,3,-1700,-7584,-4112,-4476,-5184,-3068,-4400,-3912,-3108,5680,-4332
78,0,-1068,-3928,2012,1716,-580,1252,1116,-4876,-2116,-3276,836
78,1,-276,-4088,3608,2844,448,1792,1488,-6232,-2484,-6132,836
78,2,-1284,-4916,3840,2628,124,1588,1628,-6680,-2604,-6260,484
78,3,-372,-4108,3680,2824,488,1244,1376,-6832,-2940,-6916,720
79,0,-1332,-6152,-2896,-2520,-3212,988,2956,-4464,-964,-2460,-88
79,1,-1792,-6480,-1712,-3168,-2676,1508,3476,-4776,-1044,-2916,148
79,2,-2720,-8988,-1836,-3056,-3404,1952,4488,-6060,-1136,-3372,760
79,3,-1660,-7416,-156,-2300,-2256,2060,4108,-5480,-1072,-4488,464
80,0,2188,-7116,-4292,-2144,-1856,280,-696,1356,2988,-140,160
80,1,2312,-7876,-5924,-1288,-3264,472,208,2756,3264,532,-280
80,2,2104,-8876,-6708,-1440,-2624,356,-512,3608,3328,304,128
80,3,1952,-8204,-7152,-2164,-2176,520,-468,2708,3704,488,768
81,0,1656,-3492,-1628,-696,-1644,-104,-28,144,632,192,584
81,1,1668,-4192,-2140,-1016,-1828,24,-12,504,1024,96,648
81,2,1696,-5524,-3340,-1176,-2304,260,224,1232,1720,104,356
81,3,1844,-4952,-3020,-880,-2164,-100,-28,1148,1328,392,264
82,0,-4628,2972,-7652,512,-1004,-10540,-8228,-15808,-20260,-16360,-2660
82,1,-5472,3824,-9908,-460,-1460,-12728,-9420,-17564,-24492,-19584,-2088
82,2,-4668,3184,-9300,8,-116,-12220,-8784,-15968,-21304,-17528,-1872
82,3,-5500,3528,-9892,-724,-1532,-12408,-8788,-16412,-23292,-18500,-984
83,0,116,-2256,1224,2080,16,1312,1256,-5248,-2688,-5144,844
83,1,-28,-2620,1904,2032,336,1548,1172,-4264,-1424,-3832,1196
83,2,-672,-3940,2788,1808,132,1648,892,-5004,-1544,-3476,840
83,3,-992,-3792,3572,2308,500,1556,664,-5472,-1580,-3204,1084
84,0,-76,-564,-1876,1112,792,-620,-1204,-2824,-2676,-4256,-908
84,1,1220,-2660,-2688,1260,1572,608,-496,-2432,-2060,-5620,-148
84,2,1864,-624,-1984,1792,1320,-80,-800,-2796,-3312,-7016,-1372
84,3,536,-516,-2100,2212,1156,-452,-1152,-3644,-4160,-5980,-1568
85,0,-1324,-48,-2368,652,2416,-1560,-1732,-3844,-4100,-5304,-1124
85,1,-836,-1012,-2960,604,2688,-1776,-2064,-4336,-5544,-6308,-1332
85,2,-884,-236,-2360,1116,2208,-1412,-2488,-5284,-6344,-7488,-920
85,3,-1644,-552,-3764,772,2644,-2764,-2472,-5128,-6076,-6484,-1216
86,0,268,-5248,-1736,-1028,-2460,1468,1824,-4616,-2328,-3280,-376
86,1,-768,-6264,-788,-1412,-1864,1868,2356,-5004,-1572,-5036,444
86,2,-320,-6084,-1936,-1660,-2056,1392,1580,-4184,-1616,-3108,-100
86,3,-472,-5436,-844,-1112,-1200,1668,1608,-3204,-732,-3452,408
87,0,1204,-7260,-5756,-1796,-1852,868,216,3488,2804,-400,680
87,1,1336,-5868,-3476,-1724,-868,752,-108,1920,2256,-408,820
87,2,2168,-7980,-5748,-1696,-2564,1000,292,3024,3072,8,260
87,3,1296,-5360,-3604,-1604,-1200,416,-336,1092,2120,-236,712
88,0,1652,-2472,-1424,-928,-1240,-1272,-1308,-1456,-228,-28,1400
88,1,1424,-1996,-1104,-384,-1392,-916,-664,-468,-152,60,164
88,2,1832,-2656,-1212,-556,-1860,-572,-288,236,-72,108,-196
88,3,1952,-2020,-1508,-264,-1520,-1140,-540,64,-240,92,-32
89,0,-6044,2276,-8624,600,-1264,-11516,-8640,-18476,-23552,-16212,-2360
89,1,-7860,2444,-9968,-400,-3048,-12980,-9736,-19060,-25012,-19272,-1184
89,2,-8520,3904,-11804,-1460,-4424,-13572,-9600,-18800,-25720,-20736,-1528
89,3,-7852,3540,-11100,-1468,-3324,-13512,-9672,-18988,-26148,-20684,-1056
90,0,-68,-1720,-1708,-328,492,632,1064,-2288,-24,-1024,2740
90,1,468,-1156,-1600,-512,488,668,1064,-1944,108,-924,2436
90,2,-236,-2564,-2004,-384,20,592,792,-820,748,-756,1772
90,3,-844,-2160,-1796,-364,632,576,692,-1364,656,-452,2336
91,0,-2360,-5504,3416,1316,-644,2376,1244,-6236,-2384,-3908,1800
91,1,-3000,-5976,4236,1848,-340,1476,316,-7788,-3252,-5192,2160
91,2,-3764,-6808,4492,1492,-360,1500,1016,-8164,-2988,-6572,2000
91,3,-5556,-8920,4996,-552,-1352,1652,1636,-9428,-2876,-6836,1572
92,0,-620,-1848,-1444,-688,-1712,-208,-260,920,-1340,-1164,-188
92,1,-672,-3900,-4084,-3452,-2668,-388,-2084,1528,-2040,-1208,-1152
92,2,-864,-4216,-4684,-3436,-1764,-188,-2268,1976,-1316,-1740,-448
92,3,-620,-3676,-3900,-3544,-1520,-224,-2092,1676,-1104,-1224,-624
93,0,-5144,2940,-5772,1412,-1936,-7332,-5996,-15632,-15272,-16896,-1820
93,1,-6320,3552,-7864,1376,-3532,-6996,-5960,-15832,-14584,-16904,-1152
93,2,-5952,4272,-6468,932,-3896,-5676,-5796,-15356,-13512,-16584,-1336
93,3,-5844,4804,-6676,1060,-4176,-4960,-5320,-15040,-11992,-15780,-1284
94,0,-1404,-4020,-2604,-992,1200,784,396,-5044,-1792,-3420,4916
94,1,-3416,-5176,-3568,-1152,1388,-72,-664,-6692,-3844,-4752,3880
94,2,-648,-1528,-1280,-80,-360,20,404,-3268,-1576,-2920,1752
94,3,-3332,-4812,-1948,-1328,2288,892,-360,-3928,540,-712,3760
95,0,-2372,72,-4064,216,3084,-3512,-3516,-5180,-5644,-6244,-644
95,1,-2688,-92,-4308,-44,3456,-3740,-3388,-4508,-5432,-5664,-900
95,2,-2952,-704,-5440,76,4048,-4308,-3708,-5440,-5024,-5172,-388
95,3,-1296,948,-3084,816,2296,-2756,-3056,-5120,-4420,-5832,-820
96,0,-944,-5408,1280,-2576,-3360,1140,4088,-4168,-1380,-1724,44
96,1,-2716,-8292,-456,-3948,-4184,1396,4916,-6180,-1604,-1220,532
96,2,-1644,-7404,872,-3512,-4276,1184,5012,-5624,-1672,-2540,40
96,3,-3564,-10108,464,-5192,-5236,1756,5732,-7484,-1924,-3012,-156
97,0,-556,-2372,-2696,-1260,-16,-360,-944,1468,564,-816,116
97,1,-324,-3528,-3384,-1952,-132,-408,-1320,2128,1044,-836,44
97,2,-444,-4272,-4144,-1948,-300,-232,-1556,2384,1180,-600,292
97,3,-112,-2860,-2920,-1848,-72,-620,-1960,1804,408,-1292,-36
98,0,1440,-3204,-1896,-384,-1560,-280,-104,-804,632,-128,240
98,1,1676,-2976,-2004,-460,-1636,-852,-784,-1320,-80,-212,708
98,2,2140,-1852,-796,-128,-1832,-1148,-852,-1964,-1492,-796,772
98,3,1628,-2440,-1836,-436,-1348,-1320,-1052,-1896,-544,-544,640
99,0,16,-3320,-2176,-804,-560,-848,-1144,728,708,752,-88
99,1,172,-3364,-2292,-688,-824,-756,-684,488,928,660,80
99,2,-996,-3204,-964,-1300,-500,-744,-1232,-708,276,1272,-4
99,3,428,-4404,-3256,-2808,-1612,-1128,-1720,-448,520,1688,-872
100,0,-1672,-1432,-2372,180,-336,-416,-180,-4028,-1824,-2096,2092
100,1,548,-1084,-1204,1168,-452,-312,-292,-5772,-5172,-6708,1476
100,2,-1200,-3452,-1184,1188,736,812,620,-5624,-2132,-4220,3512
100,3,-2688,-5116,-2912,-396,-292,764,1092,-6272,-1960,-2608,5064
101,0,-1972,-1084,-3684,-224,2660,-2412,-2632,-3792,-3488,-5928,0
101,1,-1880,-1264,-3356,-400,3192,-2236,-2396,-2288,-1896,-3000,672
101,2,-1492,792,-1824,1180,1808,-1884,-3812,-5248,-4560,-6024,244
101,3,-1520,-1592,-3428,-532,2708,-1668,-2872,-3244,-3296,-6492,372
102,0,-4320,-7924,228,-2376,-1940,2188,1216,-5324,-1728,-1252,968
102,1,-4376,-9992,184,-3816,-3880,2272,2836,-5936,-1980,-1352,-648
102,2,-5412,-12492,-968,-4724,-5244,2572,3332,-7448,-1668,-2184,-508
102,3,-4156,-10892,-612,-4416,-4428,2568,2664,-5616,-1456,-1256,-1100
103,0,-3168,-10072,348,-3772,-5932,1500,6316,-6908,-1684,-2796,-60
103,1,-2868,-9680,388,-3624,-5456,1792,5676,-6400,-1852,-2940,-612
103,2,-4052,-10672,968,-4740,-5892,1636,6416,-8032,-2300,-4292,-368
103,3,-4956,-11476,-588,-5556,-6156,1836,7080,-8628,-2512,-3284,-500
104,0,1400,-2536,-1532,-232,-1168,-136,-196,-840,420,-188,684
104,1,1708,-1716,-1572,-104,-1148,-1760,-1444,-2188,-596,-404,820
104,2,1968,-1920,-2116,-264,-848,-2212,-1560,-2044,-760,-448,1096
104,3,2228,-1212,-1768,148,-1284,-2548,-1536,-2364,-1248,-804,800
105,0,96,-2436,-1528,-1236,-1204,-1820,-2596,384,-204,2280,-1064
105,1,-1160,-3196,-1512,-1288,-292,-1020,-1824,-572,136,1544,-160
105,2,-844,-3164,-1556,-1360,-272,-1236,-1940,-824,196,1732,-184
105,3,204,-3304,-1612,-2556,-560,-1236,-2104,-708,84,2284,-872
106,0,-2816,3448,-5020,1044,-92,-6008,-5936,-11312,-11664,-13740,-2596
106,1,-6360,4452,-6616,1196,-3824,-6352,-7244,-15748,-13964,-17744,-2640
106,2,-6708,5796,-7716,1480,-4072,-6396,-7292,-16292,-13768,-20404,-2704
106,3,-8824,5448,-6624,2060,-5064,-6816,-8596,-17824,-15436,-21144,-3224
107,0,-900,-536,-2052,256,-36,-1552,-536,-3092,-2520,-3020,164
107,1,-2716,-4488,-2400,1308,-436,852,1264,-6092,-3088,-5064,3396
107,2,-2248,-4196,-2768,756,-368,584,660,-4208,-916,-2092,3020
107,3,100,-1472,-896,628,-292,404,1052,-1908,-428,-1916,1896
108,0,-2120,-4432,-896,-1192,-2100,1012,2084,-4724,-1224,-3764,-876
108,1,-788,-2576,-1844,-160,-1320,712,1892,-4480,-2204,-4544,-1488
108,2,-1032,-6984,528,-1380,-2784,1856,3572,-5140,-1476,-5580,-784
108,3,-2636,-6612,-776,-2396,-1812,1860,3380,-5004,-1512,-3052,-396
109,0,260,-1576,-848,-472,-220,-328,-136,876,504,-920,-808
109,1,812,-3464,-1320,-2016,-1148,-600,-480,1700,900,-704,-1836
109,2,240,-2196,-1176,-888,-452,-468,40,1068,624,-1864,-1564
109,3,448,-1900,-796,-1232,-956,-668,-100,908,272,-1640,-1868
110,0,1096,-4312,-2500,-1196,-588,136,-188,-152,1296,-36,992
110,1,1144,-4620,-2656,-1436,-984,424,-116,1156,1548,-36,656
110,2,1556,-5160,-2896,-1036,-688,352,24,1104,2204,-276,768
110,3,1464,-4068,-2132,-728,-824,0,-408,804,1452,-308,680
111,0,-4036,4024,-4544,964,-2376,-5412,-5756,-13868,-11572,-15856,-1972
111,1,-4124,5440,-4224,884,-2768,-5236,-5904,-15228,-12072,-18948,-3244
111,2,-4896,6064,-5524,1584,-3176,-5476,-6376,-16220,-12208,-19192,-3364
111,3,-4620,5380,-5448,452,-3700,-4036,-4232,-14268,-10752,-15648,-2176
112,0,-2076,-1020,-3672,1396,2044,-2488,-2876,-4436,-3740,-6292,-168
112,1,-2936,-1176,-4304,1184,3376,-2936,-2956,-4568,-3876,-4436,872
112,2,-1416,-568,-2604,1000,2300,-1904,-3692,-4716,-3984,-6384,164
112,3,-2544,384,-4360,1224,3304,-4092,-3896,-6416,-5560,-6436,-108
113,0,-1856,-5680,-508,-1704,-856,1536,576,-2384,-396,-892,28
113,1,-3244,-7896,-548,-3180,-1932,2084,1748,-3224,-344,-400,212
113,2,-3740,-9304,-1084,-4068,-2540,2336,1796,-3384,-464,-96,-204
113,3,-1772,-5856,-524,-2192,-1188,1608,876,-2124,-80,136,-292
114,0,-512,-5288,16,-2076,-3000,880,3168,-2396,-692,-1984,192
114,1,-2508,-6532,-36,-3848,-3124,1540,4020,-3796,-744,-620,404
114,2,-692,-5380,108,-2684,-2664,1048,4076,-3612,-684,-1700,668
114,3,-528,-5244,1736,-1992,-2396,1056,3844,-3344,36,-2180,836
115,0,164,-2748,-1856,-1744,-140,-324,-700,1768,388,-1076,-260
115,1,-316,-4248,-4004,-2820,352,-276,-1608,3112,1208,-1564,424
115,2,-304,-4848,-4372,-3152,-216,-516,-1756,3180,1108,-1780,-228
115,3,132,-3536,-3224,-2800,-284,-600,-2008,2468,384,-2048,-956
116,0,668,-1984,-1432,280,-760,-764,-824,-652,-164,-716,68
116,1,1584,-2224,-1436,96,-2036,-1376,-612,-1820,-264,-1172,-396
116,2,1500,-1692,-1816,296,-2076,-2284,-924,-2192,-580,-1280,-680
116,3,2044,-1032,-2400,-24,-1660,-3208,-1948,-2156,-1468,-1624,-92
117,0,-676,-3436,-2484,-968,80,-1352,-2232,-188,28,1340,368
117,1,-2192,-4036,-2360,-2384,164,-1200,-1884,-548,-392,1432,-152
117,2,-1980,-4864,-2420,-2684,372,-1012,-1580,-412,316,1912,352
117,3,-2988,-5388,-1912,-1820,276,-1004,-2072,-1952,80,1796,576
118,0,1832,-2188,-1440,676,-3384,-1492,-228,-2420,-592,-2120,-2204
118,1,1996,-2060,-1588,584,-3660,-1812,-328,-2836,-952,-2332,-2012
118,2,2372,-960,-2152,956,-3552,-3152,-1008,-3612,-1952,-3684,-2060
118,3,2364,-1268,-2044,684,-2940,-3028,-1440,-3472,-1908,-3272,-1236
119,0,-20,-2212,-1784,-64,248,396,476,-3020,-1100,-2116,3180
119,1,-2112,-4076,-1556,552,340,388,388,-4464,-1688,-3224,4156
119,2,1048,-1160,-924,732,-472,-260,240,-5360,-5564,-7564,2400
119,3,-2872,-7616,-4488,-880,2132,1076,400,-2348,2720,-372,4372
120,0,-1392,-7188,4812,416,-3364,532,2568,-4788,-2108,-6332,488
120,1,-3172,-9384,6076,-452,-4060,136,2512,-7052,-2472,-8504,-128
120,2,-3656,-9704,6724,-52,-3784,-112,2144,-7708,-2920,-9924,-824
120,3,-3852,-10984,7356,-272,-5308,-32,3352,-8976,-3092,-11076,-1360
121,0,-1900,592,-3028,1720,2624,-2812,-2324,-4184,-4404,-5240,-1340
121,1,-2228,-280,-2892,1372,2516,-2460,-2572,-3468,-3736,-5880,-356
121,2,-2108,140,-3752,1512,2860,-2988,-2572,-3844,-4220,-5836,-1224
121,3,-3332,220,-4508,888,3872,-3620,-3112,-4176,-5000,-5448,-780
122,0,-2328,-5920,-952,-1912,-144,1768,452,-2536,204,-464,708
122,1,-1816,-4616,-684,-2048,120,1252,880,-956,528,320,608
122,2,-1452,-5164,-72,-2068,-448,1448,992,-1448,500,-40,340
122,3,-2644,-6880,-752,-3516,-772,1784,816,-2408,-120,368,-204
123,0,396,-3040,-1788,-324,-568,260,64,592,852,-356,356
123,1,936,-4240,-1996,-736,-1096,380,396,1060,1224,-516,336
123,2,616,-3716,-1964,-708,-868,196,156,868,952,-712,188
123,3,928,-4120,-1940,-476,-1176,308,412,648,944,-780,240
124,0,-140,-2692,-1684,-2216,-1476,-1344,-1952,172,-564,2016,-1360
124,1,-56,-3244,-2836,-1968,-508,-936,-1932,1324,800,760,-384
124,2,-596,-1884,-1964,-1184,-172,-960,-1808,688,-56,476,16
124,3,176,-1648,-1348,-1268,-700,-1024,-1844,752,-72,308,-620
125,0,2692,-1344,464,-108,-2864,-1760,336,-3656,-2488,-3144,-400
125,1,2664,-1136,540,-244,-2808,-1612,-96,-3640,-2632,-3032,-628
125,2,2332,-1244,644,-96,-1952,-1596,-124,-3384,-2272,-2784,16
125,3,2948,-1128,-688,324,-2380,-2796,-252,-3724,-2260,-3012,-232
126,0,-8452,6596,-4952,1028,756,-8080,-6096,-7396,-11148,-11372,-2396
126,1,-7140,5756,-4376,-476,1492,-8124,-5324,-7016,-9544,-5560,-1764
126,2,-6416,5684,-3580,-1304,1288,-8128,-5216,-7512,-10356,-2948,-2432
126,3,-6764,6424,-4608,-2292,1076,-9652,-6376,-9056,-11900,-2536,-3360
127,0,-1400,-1260,-2520,-4052,-1876,-892,636,-2868,-816,3264,220
127,1,-2092,-24,-1868,-4584,-2392,-1548,780,-3548,-1912,3896,-484
127,2,-1888,-2356,-3300,-4096,-1676,-560,1072,-3380,-924,2852,456
127,3,-352,-3248,-3220,-2720,-1872,-288,864,-2484,-60,1300,1412
128,0,-6284,-10248,3504,-4404,-5572,368,-1468,-8368,-3724,-1428,-2328
128,1,-5844,-9532,1972,-4636,-5264,168,-1168,-6544,-3756,-652,-2976
128,2,-4184,-7184,1276,-4500,-4412,-124,-512,-5248,-2748,-356,-2764
128,3,-4392,-8260,752,-4156,-4640,116,-804,-5240,-2976,-728,-2588
129,0,-1092,-3328,-2660,2300,604,-1504,-892,-1436,756,-1648,1604
129,1,-1608,-2808,-2288,2208,200,-1320,-1228,-2008,96,-1524,1284
129,2,-372,-2052,-2188,2052,-4,-1584,-840,-1320,292,-1700,1008
129,3,-1432,-2336,-2224,2068,-276,-2004,-1412,-2364,-356,-1924,1632
130,0,-2820,-2072,-6028,-1416,1788,-3864,-2180,-3628,-1048,-2860,2652
130,1,-2304,-1392,-5020,-508,2808,-3812,-1532,-2384,-384,-604,1836
130,2,-2060,-1768,-5100,-344,2848,-3908,-1360,-1468,396,-1352,2016
130,3,-2152,-1464,-5180,-432,2900,-4240,-1864,-2196,-300,-1468,1708
131,0,-880,-6144,-1952,-3536,-4400,804,3340,-2876,-24,-292,636
131,1,-1028,-5796,-2568,-3828,-4248,788,2756,-3240,-308,-596,372
131,2,-1128,-5768,-2304,-4288,-3932,736,2792,-3420,-420,-376,600
131,3,-1576,-6552,-3360,-4640,-4352,700,3196,-4088,-652,-584,668
132,0,1460,-4552,-1496,-228,-1884,576,1036,1676,792,-104,444
132,1,1884,-6144,-2836,-456,-2112,628,776,2756,1504,-132,328
132,2,1940,-5164,-1780,-404,-2028,516,964,1764,1144,52,440
132,3,1688,-5828,-3312,-696,-1828,392,756,2304,1520,-500,520
133,0,268,-4252,-3672,-948,-508,-564,-244,-44,2156,440,1156
133,1,1032,-5636,-4496,-1816,-2156,176,356,-668,2232,-124,1036
133,2,992,-6180,-4780,-2084,-2816,272,532,-608,2120,-280,880
133,3,772,-6324,-5152,-2212,-2464,468,428,-1112,2140,-508,872
134,0,-320,-5440,-3988,-2500,-2244,-1812,-1760,-816,-320,3356,-1216
134,1,280,-5888,-5116,-1912,-2936,-2424,-2680,-1608,-1220,3928,-1536
134,2,-56,-8056,-6924,-3200,-4572,-2484,-2556,-676,-1040,4920,-1660
134,3,-388,-7288,-6040,-2836,-3824,-1844,-2048,-1216,-1028,4424,-1560
135,0,-5040,4072,-2096,-76,-124,-5396,-4708,-5380,-8516,-5020,-1520
135,1,-4372,3872,-1868,-980,-108,-5936,-4708,-5544,-8312,-2524,-2148
135,2,-5816,4852,-2164,-1288,392,-7252,-5336,-6168,-10072,-2536,-2912
135,3,-4344,3704,-1684,-1336,-416,-6064,-5256,-5840,-8980,-2060,-2896
136,0,-1696,-884,-1104,-3732,-1760,-128,820,-3480,-1292,3544,20
136,1,-2340,-5068,-4932,-5120,-2136,1504,1192,-4212,-204,3208,1652
136,2,-2948,-5976,-4648,-4704,-1652,1948,740,-4332,-28,2972,2244
136,3,-1880,-5420,-4060,-3260,-248,872,4,-3472,652,2236,2708
137,0,-2472,-5296,628,-6012,-4448,216,1008,-5160,-2476,372,-1288
137,1,-2748,-5628,820,-5640,-4140,212,648,-4868,-2588,40,-1996
137,2,-3368,-7364,1728,-5092,-4140,324,-272,-5572,-2456,-824,-2412
137,3,-4640,-9156,2248,-4928,-4816,692,-476,-6448,-2840,-1836,-2632
138,0,-760,-2548,-2660,1432,-420,-1028,-488,-312,1196,-380,1256
138,1,-1516,-2336,-2428,2480,912,-1716,-1452,-396,1072,-828,1524
138,2,-788,-2084,-1956,2024,4,-1660,-776,-356,748,-1204,1328
138,3,-372,-2100,-2020,1976,196,-1876,-1220,-556,680,-1316,1448
139,0,-1796,-1500,-4948,180,2636,-4268,-1888,-1208,152,-1020,1256
139,1,-1884,-712,-4884,80,2836,-4480,-1804,-1164,-280,-968,1272
139,2,-1428,-2016,-4784,-468,2492,-3852,-1948,-1116,60,-1308,1428
139,3,-2144,-1004,-4340,152,2872,-4212,-2172,-2112,-1080,-1608,2068
140,0,252,-3848,-2360,-1088,-728,-220,-516,-1144,1564,260,976
140,1,680,-4696,-4012,-1440,-1052,-32,-544,-1112,1912,-156,1072
140,2,316,-5584,-4096,-2060,-1176,700,68,-656,2204,532,1084
140,3,704,-5920,-4532,-1968,-1464,672,-132,-808,2192,-104,908
141,0,-5764,6780,-8016,-528,2676,-9800,-3356,-5440,-6072,-7148,-3728
141,1,-5056,4900,-4720,460,528,-6408,-3756,-4848,-7452,-8452,-2404
141,2,-5960,5456,-3620,652,432,-6092,-5164,-6964,-10272,-8488,-3292
141,3,-4304,4176,-2828,780,1352,-5088,-3928,-4860,-7832,-7396,-2640
142,0,-12124,-15956,5428,-3420,-6348,-120,-3676,-13196,-5712,-3756,1376
142,1,-11252,-17860,6400,-3964,-6632,68,-2164,-13664,-5892,-6552,980
142,2,-11148,-17544,5828,-4188,-6512,-96,-2756,-13072,-5004,-4708,812
142,3,-9696,-16216,5248,-3676,-6160,-252,-2192,-12144,-4952,-4804,712
143,0,-828,-3312,-3200,-164,1844,-660,-712,184,1700,-160,932
143,1,-1232,-2288,-3480,-420,1608,-1392,-660,-688,496,-280,140
143,2,-812,-2412,-3788,44,1272,-1272,-616,-536,416,-680,-200
143,3,-1116,-2204,-3912,-264,1616,-2204,-924,-676,356,-976,56
144,0,-668,-3308,-1544,-560,-2024,616,1828,-472,536,96,24
144,1,-1040,-4376,-2640,-1240,-2540,408,1924,-584,304,-16,-96
144,2,-560,-3252,-2396,-984,-1996,276,1404,-364,264,496,-48
144,3,-556,-2616,-1824,-904,-1656,452,1324,-656,340,480,108
145,0,452,-1256,192,-588,-1660,-344,456,152,-360,-812,-1208
145,1,380,-1240,152,-804,-1820,-488,420,208,-496,-1140,-1324
145,2,432,-1368,-52,-976,-2044,-512,476,80,-316,-808,-1412
145,3,440,-1224,60,-952,-1664,-528,220,176,-220,-1324,-1392
146,0,-3948,3544,-1632,-256,-4,-4856,-3900,-4684,-7452,-2896,-1260
146,1,-4572,3880,-2572,-1580,-500,-5992,-5140,-6580,-8900,-2872,-1784
146,2,-4148,3460,-1656,-1724,-832,-5600,-5216,-6188,-8652,-2160,-2216
146,3,-3828,3460,-2244,-1732,-756,-5356,-4972,-6416,-7956,-2456,-1524
147,0,-1128,-1148,-1832,-2676,-608,-884,296,-2944,-376,2384,944
147,1,-1252,-2296,-2980,-2944,232,-412,136,-2552,540,1628,1572
147,2,-592,-1628,-1972,-2076,40,-256,208,-1796,304,884,1312
147,3,-196,-884,-1044,-1596,-984,-336,556,-1620,-68,944,304
148,0,-3176,-5024,2092,-4572,-2084,960,-104,-5000,-2076,108,-624
148,1,-3120,-5328,1260,-1932,-2340,768,-1652,-4472,-2604,-148,-284
148,2,-2672,-5428,1248,-2880,-2748,644,-1476,-4288,-2332,-80,-880
148,3,-2724,-5520,1640,-2680,-1908,776,-1420,-4232,-1924,-76,-372
149,0,1000,-5700,-3292,-936,-1296,440,244,3144,1320,-500,1036
149,1,1292,-6172,-3712,-660,-1580,348,228,2968,1700,-456,824
149,2,1396,-5564,-2452,-428,-1252,420,196,3204,1288,-904,712
149,3,1244,-5508,-2612,-88,-1284,192,588,2996,1060,-1344,784
150,0,-356,-3696,-2680,-1460,76,-1176,-1228,-116,544,2428,276
150,1,4,-4048,-3040,-1412,-1032,-1116,-1140,-444,140,2232,-308
150,2,528,-4108,-4376,-664,-1468,-1632,-1328,56,528,1872,-256
150,3,276,-2408,-2560,-144,-304,-1804,-1712,-424,312,1324,708
151,0,2440,-1792,-1916,32,-2456,-2780,256,-2788,-1584,-2584,-1488
151,1,1512,-1356,-1144,-152,-1500,-1580,68,-1844,-696,-1516,-532
151,2,1772,-1040,-1400,36,-1488,-2208,-248,-2304,-1268,-1820,-800
151,3,2620,-1532,-2160,-64,-2156,-3336,-452,-3616,-1928,-2892,-976
152,0,-4908,3756,-2132,352,-640,-5088,-5156,-6436,-9436,-4872,-2076
152,1,-3940,4060,-1660,-1116,-732,-5196,-5936,-7360,-11172,-3268,-3252
152,2,-4240,4016,-1864,-1432,-928,-5660,-6152,-7432,-11128,-2736,-3324
152,3,-5128,4092,-2440,-1624,-620,-6492,-6476,-8080,-11752,-2392,-3244
153,0,-1308,-2512,-2264,-2448,-404,-380,-44,-2636,196,1960,1364
153,1,-2268,-3084,-3200,-3572,-316,192,252,-3968,-276,2644,1408
153,2,-2860,-5728,-4580,-4288,1236,1820,380,-4200,904,1948,3128
153,3,-3256,-6108,-4224,-4388,1072,1960,200,-4724,648,2212,3232
154,0,-2268,-8960,2408,-4308,-4908,336,-468,-5716,-1704,-3828,-1944
154,1,-3448,-9688,2416,-4620,-4912,524,-480,-5872,-1908,-3484,-2764
154,2,-2048,-8060,856,-4044,-4724,-316,-1204,-3964,-2036,-2248,-2800
154,3,-1792,-8540,980,-3848,-4560,-204,-1360,-3936,-1544,-2360,-2508
155,0,-1720,-5884,-2112,-2896,-1856,1824,544,-3424,168,52,1192
155,1,-1296,-5940,-1576,-2972,-2684,1212,460,-3044,148,-312,552
155,2,-1420,-6488,-792,-2740,-2876,1324,68,-3360,-456,-524,348
155,3,-2076,-7288,-800,-2764,-2340,1864,548,-3136,-128,-712,172
156,0,-1672,-6016,-2052,-2788,-2628,1280,2592,-2288,128,348,948
156,1,-2036,-6924,-3004,-3852,-2684,1164,2320,-3024,244,-168,1580
156,2,-648,-4972,-2164,-2656,-2448,564,2000,-2576,-340,-212,1428
156,3,-816,-4748,-884,-1428,-2080,860,1904,-1304,172,-232,888
157,0,1112,-5040,-2176,-448,-1292,508,628,2512,672,-404,1324
157,1,1772,-5760,-2372,-956,-1776,684,500,3104,764,-604,1280
157,2,1720,-5536,-2364,-848,-1764,484,560,2856,708,-484,1236
157,3,1620,-5044,-1952,-492,-1620,604,948,2820,724,-820,1144
158,0,232,-3104,-2096,512,-656,-72,612,-500,1092,256,548
158,1,436,-3112,-1924,-12,-836,-124,504,52,1120,544,608
158,2,544,-4052,-2232,-80,-1196,208,904,628,1200,740,576
158,3,568,-4792,-3596,-696,-1228,324,808,488,1780,1024,604
159,0,-1892,-5224,-1908,-2652,-3408,-1716,-1352,-2988,-2276,3428,-2004
159,1,-452,-4452,-3196,-2224,-3056,-1872,-1388,-1732,-1388,2964,-1744
159,2,500,-5232,-5376,-1404,-2624,-2400,-2436,-896,-416,2952,-1276
159,3,-1112,-5020,-2608,-3024,-3972,-996,168,-2776,-1836,3196,-1980
