variant,sample_index,rtl_prediction,golden_prediction,match
repaired,0,12,12,1
repaired,1,14,14,1
repaired,2,11,11,1
repaired,3,9,9,1
repaired,4,12,12,1
repaired,5,5,5,1
repaired,6,15,15,1
repaired,7,2,2,1
repaired,8,5,5,1
repaired,9,6,6,1
repaired,10,11,11,1
repaired,11,19,19,1
repaired,12,19,19,1
repaired,13,7,7,1
repaired,14,8,8,1
repaired,15,1,1,1
repaired,16,3,3,1
repaired,17,16,16,1
repaired,18,11,11,1
repaired,19,1,1,1
repaired,20,16,16,1
repaired,21,15,15,1
repaired,22,4,4,1
repaired,23,14,14,1
repaired,24,18,18,1
repaired,25,11,11,1
repaired,26,3,3,1
repaired,27,5,5,1
repaired,28,8,8,1
repaired,29,15,15,1
repaired,30,12,12,1
repaired,31,1,1,1
repaired,32,18,18,1
repaired,33,15,15,1
repaired,34,16,16,1
repaired,35,17,17,1
repaired,36,9,9,1
repaired,37,19,19,1
repaired,38,12,12,1
repaired,39,15,15,1
repaired,40,11,11,1
repaired,41,0,0,1
repaired,42,14,14,1
repaired,43,16,16,1
repaired,44,16,16,1
repaired,45,3,3,1
repaired,46,11,11,1
repaired,47,19,19,1
repaired,48,7,7,1
repaired,49,9,9,1
repaired,50,14,14,1
repaired,51,8,8,1
repaired,52,0,0,1
repaired,53,16,16,1
repaired,54,0,0,1
repaired,55,17,17,1
repaired,56,15,15,1
repaired,57,11,11,1
repaired,58,11,11,1
repaired,59,3,3,1
repaired,60,0,0,1
repaired,61,12,12,1
repaired,62,0,0,1
repaired,63,6,6,1
repaired,64,10,10,1
repaired,65,3,3,1
repaired,66,12,12,1
repaired,67,9,9,1
repaired,68,12,12,1
repaired,69,14,14,1
repaired,70,3,3,1
repaired,71,19,19,1
repaired,72,14,14,1
repaired,73,9,9,1
repaired,74,0,0,1
repaired,75,3,3,1
repaired,76,3,3,1
repaired,77,11,11,1
repaired,78,8,8,1
repaired,79,0,0,1
repaired,80,14,14,1
repaired,81,5,5,1
repaired,82,3,3,1
repaired,83,9,9,1
repaired,84,10,10,1
repaired,85,9,9,1
repaired,86,18,18,1
repaired,87,8,8,1
repaired,88,18,18,1
repaired,89,18,18,1
repaired,90,17,17,1
repaired,91,3,3,1
repaired,92,5,5,1
repaired,93,10,10,1
repaired,94,2,2,1
repaired,95,3,3,1
repaired,96,4,4,1
repaired,97,5,5,1
repaired,98,15,15,1
repaired,99,16,16,1
repaired,100,3,3,1
repaired,101,11,11,1
repaired,102,10,10,1
repaired,103,16,16,1
repaired,104,8,8,1
repaired,105,0,0,1
repaired,106,7,7,1
repaired,107,17,17,1
repaired,108,3,3,1
repaired,109,5,5,1
repaired,110,8,8,1
repaired,111,0,0,1
repaired,112,18,18,1
repaired,113,7,7,1
repaired,114,15,15,1
repaired,115,5,5,1
repaired,116,14,14,1
repaired,117,3,3,1
repaired,118,11,11,1
repaired,119,8,8,1
repaired,120,17,17,1
repaired,121,5,5,1
repaired,122,0,0,1
repaired,123,4,4,1
repaired,124,19,19,1
repaired,125,10,10,1
repaired,126,5,5,1
repaired,127,16,16,1
repaired,128,3,3,1
repaired,129,10,10,1
repaired,130,17,17,1
repaired,131,3,3,1
repaired,132,18,18,1
repaired,133,17,17,1
repaired,134,11,11,1
repaired,135,9,9,1
repaired,136,3,3,1
repaired,137,14,14,1
repaired,138,16,16,1
repaired,139,12,12,1
repaired,140,8,8,1
repaired,141,10,10,1
repaired,142,11,11,1
repaired,143,7,7,1
repaired,144,3,3,1
repaired,145,17,17,1
repaired,146,9,9,1
repaired,147,7,7,1
repaired,148,17,17,1
repaired,149,14,14,1
repaired,150,8,8,1
repaired,151,9,9,1
repaired,152,17,17,1
repaired,153,11,11,1
repaired,154,0,0,1
repaired,155,12,12,1
repaired,156,12,12,1
repaired,157,8,8,1
repaired,158,3,3,1
repaired,159,2,2,1
repaired,160,14,14,1
repaired,161,2,2,1
repaired,162,1,1,1
repaired,163,8,8,1
repaired,164,13,13,1
repaired,165,11,11,1
repaired,166,16,16,1
repaired,167,19,19,1
repaired,168,10,10,1
repaired,169,4,4,1
repaired,170,5,5,1
repaired,171,9,9,1
repaired,172,13,13,1
repaired,173,5,5,1
repaired,174,17,17,1
repaired,175,2,2,1
repaired,176,0,0,1
repaired,177,17,17,1
repaired,178,3,3,1
repaired,179,7,7,1
repaired,180,7,7,1
repaired,181,15,15,1
repaired,182,16,16,1
repaired,183,6,6,1
repaired,184,15,15,1
repaired,185,9,9,1
repaired,186,0,0,1
repaired,187,9,9,1
repaired,188,11,11,1
repaired,189,19,19,1
repaired,190,7,7,1
repaired,191,17,17,1
repaired,192,10,10,1
repaired,193,2,2,1
repaired,194,11,11,1
repaired,195,16,16,1
repaired,196,9,9,1
repaired,197,18,18,1
repaired,198,8,8,1
repaired,199,8,8,1
repaired,200,19,19,1
repaired,201,3,3,1
repaired,202,17,17,1
repaired,203,7,7,1
repaired,204,9,9,1
repaired,205,3,3,1
repaired,206,10,10,1
repaired,207,17,17,1
repaired,208,8,8,1
repaired,209,14,14,1
repaired,210,6,6,1
repaired,211,1,1,1
repaired,212,3,3,1
repaired,213,0,0,1
repaired,214,8,8,1
repaired,215,7,7,1
repaired,216,13,13,1
repaired,217,3,3,1
repaired,218,4,4,1
repaired,219,11,11,1
repaired,220,3,3,1
repaired,221,9,9,1
repaired,222,1,1,1
repaired,223,17,17,1
repaired,224,7,7,1
repaired,225,8,8,1
repaired,226,8,8,1
repaired,227,4,4,1
repaired,228,18,18,1
repaired,229,7,7,1
repaired,230,14,14,1
repaired,231,17,17,1
repaired,232,14,14,1
repaired,233,8,8,1
repaired,234,16,16,1
repaired,235,5,5,1
repaired,236,11,11,1
repaired,237,15,15,1
repaired,238,8,8,1
repaired,239,8,8,1
repaired,240,18,18,1
repaired,241,17,17,1
repaired,242,6,6,1
repaired,243,13,13,1
repaired,244,10,10,1
repaired,245,10,10,1
repaired,246,19,19,1
repaired,247,18,18,1
repaired,248,17,17,1
repaired,249,3,3,1
repaired,250,17,17,1
repaired,251,11,11,1
repaired,252,19,19,1
repaired,253,16,16,1
repaired,254,16,16,1
repaired,255,13,13,1
repaired,256,17,17,1
repaired,257,6,6,1
repaired,258,15,15,1
repaired,259,17,17,1
repaired,260,14,14,1
repaired,261,4,4,1
repaired,262,16,16,1
repaired,263,3,3,1
repaired,264,18,18,1
repaired,265,5,5,1
repaired,266,9,9,1
repaired,267,3,3,1
repaired,268,1,1,1
repaired,269,3,3,1
repaired,270,1,1,1
repaired,271,11,11,1
repaired,272,8,8,1
repaired,273,1,1,1
repaired,274,0,0,1
repaired,275,12,12,1
repaired,276,15,15,1
repaired,277,18,18,1
repaired,278,2,2,1
repaired,279,17,17,1
repaired,280,18,18,1
repaired,281,9,9,1
repaired,282,16,16,1
repaired,283,18,18,1
repaired,284,16,16,1
repaired,285,12,12,1
repaired,286,5,5,1
repaired,287,11,11,1
repaired,288,15,15,1
repaired,289,16,16,1
repaired,290,16,16,1
repaired,291,15,15,1
repaired,292,16,16,1
repaired,293,18,18,1
repaired,294,16,16,1
repaired,295,16,16,1
repaired,296,8,8,1
repaired,297,9,9,1
repaired,298,11,11,1
repaired,299,10,10,1
repaired,300,4,4,1
repaired,301,15,15,1
repaired,302,0,0,1
repaired,303,2,2,1
repaired,304,16,16,1
repaired,305,13,13,1
repaired,306,17,17,1
repaired,307,7,7,1
repaired,308,11,11,1
repaired,309,2,2,1
repaired,310,8,8,1
repaired,311,0,0,1
repaired,312,1,1,1
repaired,313,0,0,1
repaired,314,11,11,1
repaired,315,7,7,1
repaired,316,9,9,1
repaired,317,9,9,1
repaired,318,13,13,1
repaired,319,17,17,1
repaired,320,3,3,1
repaired,321,9,9,1
repaired,322,2,2,1
repaired,323,14,14,1
repaired,324,5,5,1
repaired,325,0,0,1
repaired,326,4,4,1
repaired,327,8,8,1
repaired,328,18,18,1
repaired,329,19,19,1
repaired,330,9,9,1
repaired,331,13,13,1
repaired,332,8,8,1
repaired,333,15,15,1
repaired,334,6,6,1
repaired,335,0,0,1
repaired,336,3,3,1
repaired,337,2,2,1
repaired,338,7,7,1
repaired,339,3,3,1
repaired,340,2,2,1
repaired,341,15,15,1
repaired,342,12,12,1
repaired,343,8,8,1
repaired,344,7,7,1
repaired,345,18,18,1
repaired,346,0,0,1
repaired,347,8,8,1
repaired,348,16,16,1
repaired,349,18,18,1
repaired,350,12,12,1
repaired,351,4,4,1
repaired,352,16,16,1
repaired,353,1,1,1
repaired,354,16,16,1
repaired,355,12,12,1
repaired,356,14,14,1
repaired,357,0,0,1
repaired,358,15,15,1
repaired,359,0,0,1
repaired,360,7,7,1
repaired,361,4,4,1
repaired,362,11,11,1
repaired,363,0,0,1
repaired,364,19,19,1
repaired,365,0,0,1
repaired,366,11,11,1
repaired,367,3,3,1
repaired,368,10,10,1
repaired,369,12,12,1
repaired,370,13,13,1
repaired,371,3,3,1
repaired,372,12,12,1
repaired,373,15,15,1
repaired,374,15,15,1
repaired,375,1,1,1
repaired,376,9,9,1
repaired,377,6,6,1
repaired,378,4,4,1
repaired,379,0,0,1
repaired,380,15,15,1
repaired,381,13,13,1
repaired,382,8,8,1
repaired,383,0,0,1
repaired,384,8,8,1
repaired,385,10,10,1
repaired,386,16,16,1
repaired,387,4,4,1
repaired,388,12,12,1
repaired,389,0,0,1
repaired,390,14,14,1
repaired,391,17,17,1
repaired,392,18,18,1
repaired,393,6,6,1
repaired,394,9,9,1
repaired,395,17,17,1
repaired,396,0,0,1
repaired,397,17,17,1
repaired,398,9,9,1
repaired,399,17,17,1
repaired,400,1,1,1
repaired,401,11,11,1
repaired,402,11,11,1
repaired,403,1,1,1
repaired,404,6,6,1
repaired,405,6,6,1
repaired,406,18,18,1
repaired,407,10,10,1
repaired,408,18,18,1
repaired,409,12,12,1
repaired,410,4,4,1
repaired,411,9,9,1
repaired,412,15,15,1
repaired,413,0,0,1
repaired,414,0,0,1
repaired,415,8,8,1
repaired,416,4,4,1
repaired,417,5,5,1
repaired,418,7,7,1
repaired,419,6,6,1
repaired,420,19,19,1
repaired,421,16,16,1
repaired,422,9,9,1
repaired,423,9,9,1
repaired,424,14,14,1
repaired,425,11,11,1
repaired,426,4,4,1
repaired,427,3,3,1
repaired,428,6,6,1
repaired,429,12,12,1
repaired,430,10,10,1
repaired,431,19,19,1
repaired,432,15,15,1
repaired,433,11,11,1
repaired,434,3,3,1
repaired,435,0,0,1
repaired,436,12,12,1
repaired,437,17,17,1
repaired,438,6,6,1
repaired,439,13,13,1
repaired,440,12,12,1
repaired,441,17,17,1
repaired,442,13,13,1
repaired,443,17,17,1
repaired,444,7,7,1
repaired,445,11,11,1
repaired,446,12,12,1
repaired,447,11,11,1
repaired,448,8,8,1
repaired,449,16,16,1
repaired,450,5,5,1
repaired,451,6,6,1
repaired,452,15,15,1
repaired,453,0,0,1
repaired,454,3,3,1
repaired,455,19,19,1
repaired,456,8,8,1
repaired,457,4,4,1
repaired,458,2,2,1
repaired,459,12,12,1
repaired,460,4,4,1
repaired,461,15,15,1
repaired,462,15,15,1
repaired,463,9,9,1
repaired,464,3,3,1
repaired,465,4,4,1
repaired,466,18,18,1
repaired,467,3,3,1
repaired,468,12,12,1
repaired,469,8,8,1
repaired,470,16,16,1
repaired,471,1,1,1
repaired,472,5,5,1
repaired,473,1,1,1
repaired,474,11,11,1
repaired,475,8,8,1
repaired,476,6,6,1
repaired,477,15,15,1
repaired,478,5,5,1
repaired,479,9,9,1
repaired,480,2,2,1
repaired,481,7,7,1
repaired,482,8,8,1
repaired,483,3,3,1
repaired,484,17,17,1
repaired,485,18,18,1
repaired,486,19,19,1
repaired,487,1,1,1
repaired,488,16,16,1
repaired,489,4,4,1
repaired,490,12,12,1
repaired,491,9,9,1
repaired,492,6,6,1
repaired,493,4,4,1
repaired,494,1,1,1
repaired,495,11,11,1
repaired,496,13,13,1
repaired,497,6,6,1
repaired,498,6,6,1
repaired,499,14,14,1
repaired,500,4,4,1
repaired,501,13,13,1
repaired,502,16,16,1
repaired,503,3,3,1
repaired,504,9,9,1
repaired,505,8,8,1
repaired,506,4,4,1
repaired,507,4,4,1
repaired,508,15,15,1
repaired,509,17,17,1
repaired,510,15,15,1
repaired,511,5,5,1
repaired,512,10,10,1
repaired,513,19,19,1
repaired,514,5,5,1
repaired,515,17,17,1
repaired,516,8,8,1
repaired,517,19,19,1
repaired,518,13,13,1
repaired,519,12,12,1
repaired,520,3,3,1
repaired,521,6,6,1
repaired,522,0,0,1
repaired,523,6,6,1
repaired,524,7,7,1
repaired,525,7,7,1
repaired,526,9,9,1
repaired,527,0,0,1
repaired,528,10,10,1
repaired,529,14,14,1
repaired,530,11,11,1
repaired,531,5,5,1
repaired,532,1,1,1
repaired,533,5,5,1
repaired,534,12,12,1
repaired,535,10,10,1
repaired,536,3,3,1
repaired,537,8,8,1
repaired,538,3,3,1
repaired,539,16,16,1
repaired,540,12,12,1
repaired,541,8,8,1
repaired,542,2,2,1
repaired,543,17,17,1
repaired,544,0,0,1
repaired,545,5,5,1
repaired,546,17,17,1
repaired,547,0,0,1
repaired,548,14,14,1
repaired,549,13,13,1
repaired,550,0,0,1
repaired,551,10,10,1
repaired,552,8,8,1
repaired,553,9,9,1
repaired,554,1,1,1
repaired,555,19,19,1
repaired,556,17,17,1
repaired,557,11,11,1
repaired,558,4,4,1
repaired,559,11,11,1
repaired,560,12,12,1
repaired,561,14,14,1
repaired,562,6,6,1
repaired,563,5,5,1
repaired,564,18,18,1
repaired,565,8,8,1
repaired,566,4,4,1
repaired,567,19,19,1
repaired,568,12,12,1
repaired,569,2,2,1
repaired,570,15,15,1
repaired,571,1,1,1
repaired,572,18,18,1
repaired,573,3,3,1
repaired,574,18,18,1
repaired,575,15,15,1
repaired,576,7,7,1
repaired,577,19,19,1
repaired,578,16,16,1
repaired,579,12,12,1
repaired,580,8,8,1
repaired,581,12,12,1
repaired,582,11,11,1
repaired,583,3,3,1
repaired,584,11,11,1
repaired,585,1,1,1
repaired,586,0,0,1
repaired,587,17,17,1
repaired,588,12,12,1
repaired,589,9,9,1
repaired,590,14,14,1
repaired,591,11,11,1
repaired,592,12,12,1
repaired,593,11,11,1
repaired,594,4,4,1
repaired,595,13,13,1
repaired,596,8,8,1
repaired,597,0,0,1
repaired,598,10,10,1
repaired,599,17,17,1
repaired,600,11,11,1
repaired,601,14,14,1
repaired,602,7,7,1
repaired,603,11,11,1
repaired,604,6,6,1
repaired,605,16,16,1
repaired,606,1,1,1
repaired,607,2,2,1
repaired,608,5,5,1
repaired,609,13,13,1
repaired,610,12,12,1
repaired,611,16,16,1
repaired,612,15,15,1
repaired,613,18,18,1
repaired,614,0,0,1
repaired,615,18,18,1
repaired,616,18,18,1
repaired,617,3,3,1
repaired,618,6,6,1
repaired,619,2,2,1
repaired,620,13,13,1
repaired,621,9,9,1
repaired,622,0,0,1
repaired,623,12,12,1
repaired,624,12,12,1
repaired,625,12,12,1
repaired,626,11,11,1
repaired,627,2,2,1
repaired,628,9,9,1
repaired,629,17,17,1
repaired,630,4,4,1
repaired,631,14,14,1
repaired,632,1,1,1
repaired,633,0,0,1
repaired,634,16,16,1
repaired,635,12,12,1
repaired,636,7,7,1
repaired,637,7,7,1
repaired,638,0,0,1
repaired,639,18,18,1
repaired,640,13,13,1
repaired,641,9,9,1
repaired,642,13,13,1
repaired,643,6,6,1
repaired,644,14,14,1
repaired,645,1,1,1
repaired,646,12,12,1
repaired,647,3,3,1
repaired,648,14,14,1
repaired,649,5,5,1
repaired,650,3,3,1
repaired,651,9,9,1
repaired,652,18,18,1
repaired,653,2,2,1
repaired,654,8,8,1
repaired,655,9,9,1
repaired,656,19,19,1
repaired,657,17,17,1
repaired,658,11,11,1
repaired,659,7,7,1
repaired,660,16,16,1
repaired,661,11,11,1
repaired,662,19,19,1
repaired,663,4,4,1
repaired,664,15,15,1
repaired,665,17,17,1
repaired,666,18,18,1
repaired,667,7,7,1
repaired,668,2,2,1
repaired,669,19,19,1
repaired,670,17,17,1
repaired,671,14,14,1
repaired,672,18,18,1
repaired,673,19,19,1
repaired,674,3,3,1
repaired,675,2,2,1
repaired,676,3,3,1
repaired,677,16,16,1
repaired,678,0,0,1
repaired,679,2,2,1
repaired,680,9,9,1
repaired,681,13,13,1
repaired,682,3,3,1
repaired,683,9,9,1
repaired,684,15,15,1
repaired,685,11,11,1
repaired,686,13,13,1
repaired,687,16,16,1
repaired,688,18,18,1
repaired,689,0,0,1
repaired,690,3,3,1
repaired,691,5,5,1
repaired,692,16,16,1
repaired,693,3,3,1
repaired,694,18,18,1
repaired,695,13,13,1
repaired,696,5,5,1
repaired,697,12,12,1
repaired,698,19,19,1
repaired,699,9,9,1
repaired,700,15,15,1
repaired,701,15,15,1
repaired,702,14,14,1
repaired,703,18,18,1
repaired,704,6,6,1
repaired,705,19,19,1
repaired,706,0,0,1
repaired,707,17,17,1
repaired,708,7,7,1
repaired,709,4,4,1
repaired,710,13,13,1
repaired,711,6,6,1
repaired,712,6,6,1
repaired,713,7,7,1
repaired,714,11,11,1
repaired,715,18,18,1
repaired,716,1,1,1
repaired,717,11,11,1
repaired,718,1,1,1
repaired,719,0,0,1
repaired,720,10,10,1
repaired,721,9,9,1
repaired,722,8,8,1
repaired,723,12,12,1
repaired,724,14,14,1
repaired,725,10,10,1
repaired,726,17,17,1
repaired,727,14,14,1
repaired,728,16,16,1
repaired,729,18,18,1
repaired,730,9,9,1
repaired,731,15,15,1
repaired,732,16,16,1
repaired,733,6,6,1
repaired,734,5,5,1
repaired,735,16,16,1
repaired,736,16,16,1
repaired,737,7,7,1
repaired,738,0,0,1
repaired,739,4,4,1
repaired,740,18,18,1
repaired,741,2,2,1
repaired,742,9,9,1
repaired,743,3,3,1
repaired,744,2,2,1
repaired,745,4,4,1
repaired,746,11,11,1
repaired,747,6,6,1
repaired,748,13,13,1
repaired,749,0,0,1
repaired,750,14,14,1
repaired,751,2,2,1
repaired,752,0,0,1
repaired,753,15,15,1
repaired,754,5,5,1
repaired,755,0,0,1
repaired,756,3,3,1
repaired,757,17,17,1
repaired,758,9,9,1
repaired,759,9,9,1
repaired,760,15,15,1
repaired,761,0,0,1
repaired,762,16,16,1
repaired,763,13,13,1
repaired,764,13,13,1
repaired,765,0,0,1
repaired,766,11,11,1
repaired,767,0,0,1
repaired,768,16,16,1
repaired,769,12,12,1
repaired,770,19,19,1
repaired,771,5,5,1
repaired,772,6,6,1
repaired,773,9,9,1
repaired,774,7,7,1
repaired,775,16,16,1
repaired,776,14,14,1
repaired,777,0,0,1
repaired,778,11,11,1
repaired,779,8,8,1
repaired,780,13,13,1
repaired,781,19,19,1
repaired,782,11,11,1
repaired,783,18,18,1
repaired,784,4,4,1
repaired,785,3,3,1
repaired,786,4,4,1
repaired,787,17,17,1
repaired,788,18,18,1
repaired,789,5,5,1
repaired,790,12,12,1
repaired,791,7,7,1
repaired,792,9,9,1
repaired,793,9,9,1
repaired,794,1,1,1
repaired,795,15,15,1
repaired,796,9,9,1
repaired,797,3,3,1
repaired,798,9,9,1
repaired,799,16,16,1
repaired,800,18,18,1
repaired,801,6,6,1
repaired,802,14,14,1
repaired,803,7,7,1
repaired,804,3,3,1
repaired,805,5,5,1
repaired,806,10,10,1
repaired,807,0,0,1
repaired,808,17,17,1
repaired,809,6,6,1
repaired,810,18,18,1
repaired,811,2,2,1
repaired,812,0,0,1
repaired,813,14,14,1
repaired,814,18,18,1
repaired,815,16,16,1
repaired,816,19,19,1
repaired,817,1,1,1
repaired,818,4,4,1
repaired,819,4,4,1
repaired,820,3,3,1
repaired,821,8,8,1
repaired,822,1,1,1
repaired,823,3,3,1
repaired,824,16,16,1
repaired,825,14,14,1
repaired,826,11,11,1
repaired,827,9,9,1
repaired,828,15,15,1
repaired,829,3,3,1
repaired,830,1,1,1
repaired,831,12,12,1
repaired,832,5,5,1
repaired,833,18,18,1
repaired,834,19,19,1
repaired,835,1,1,1
repaired,836,8,8,1
repaired,837,19,19,1
repaired,838,8,8,1
repaired,839,3,3,1
repaired,840,5,5,1
repaired,841,6,6,1
repaired,842,5,5,1
repaired,843,12,12,1
repaired,844,0,0,1
repaired,845,14,14,1
repaired,846,8,8,1
repaired,847,7,7,1
repaired,848,17,17,1
repaired,849,18,18,1
repaired,850,7,7,1
repaired,851,6,6,1
repaired,852,9,9,1
repaired,853,10,10,1
repaired,854,3,3,1
repaired,855,0,0,1
repaired,856,2,2,1
repaired,857,0,0,1
repaired,858,15,15,1
repaired,859,14,14,1
repaired,860,2,2,1
