benchmark,seed,condition,samples,disagreement_rate,reference_favoring_accuracy_change,target_favoring_accuracy_change,reference_favoring_labels_hash,target_favoring_labels_hash,reference_witness_attains_bound,target_witness_attains_bound
SHD,1701,exponential__fixed,861,0.15447154471544716,0.1544715447154471,0.1544715447154471,3bcfc1655708ffd0f23d25f85c06b8845b43ddde4c9f8c98a7fff568a97dc1b1,3452c819f83a92b550147c522e1d27ba48c9297535d47c0f3dff1ddfe95e3284,True,True
SHD,1701,exponential_euler,861,0.14518002322880372,0.14518002322880375,0.14518002322880375,3bcfc1655708ffd0f23d25f85c06b8845b43ddde4c9f8c98a7fff568a97dc1b1,b645c868086b5eaa28665e7673d633b49d23f16f45c688a9a76bba5824a0894d,True,True
SHD,1701,fixed_q8_weights_q16_state,861,0.04878048780487805,0.04878048780487809,0.04878048780487809,3bcfc1655708ffd0f23d25f85c06b8845b43ddde4c9f8c98a7fff568a97dc1b1,269dd51362563f5baf022c75ceeab65ab3a613449602d81e74e5b8f1de5247e0,True,True
SHD,1701,floor_rounding_saturation,861,0.8408826945412311,0.8408826945412311,0.8408826945412311,3bcfc1655708ffd0f23d25f85c06b8845b43ddde4c9f8c98a7fff568a97dc1b1,f380407daa9376c0058321fc300283a13ccf25948c3e50d676f2063ace8c3ec7,True,True
SHD,1701,pre_integration_threshold,861,0.14634146341463414,0.14634146341463417,0.14634146341463417,3bcfc1655708ffd0f23d25f85c06b8845b43ddde4c9f8c98a7fff568a97dc1b1,62738c9544b458ab3bc89aeeb15e03c03cb684bda9f66561f1ac06a6a98f5bbe,True,True
SHD,1701,pre_threshold__floor,861,0.8373983739837398,0.8373983739837398,0.8373983739837398,3bcfc1655708ffd0f23d25f85c06b8845b43ddde4c9f8c98a7fff568a97dc1b1,dc717c6196b7d5b8cf0df29e75ed9da189ec34140df1883f36dbd82ee29d8742,True,True
SHD,1701,reset__fixed__delay_1,861,0.34610917537746805,0.3461091753774681,0.3461091753774681,3bcfc1655708ffd0f23d25f85c06b8845b43ddde4c9f8c98a7fff568a97dc1b1,a8f7bc183be9ece50e3e695fe732b88952d31419fc8f1a8d2f94bad28e0369fe,True,True
SHD,1701,reset_to_value,861,0.24738675958188153,0.2473867595818815,0.2473867595818815,3bcfc1655708ffd0f23d25f85c06b8845b43ddde4c9f8c98a7fff568a97dc1b1,7e7beb61d32b109ad1350984df4eb492e3bcfcdc97bee946627e2573f28c9253,True,True
SHD,1701,reset_to_value__delay_1,861,0.34610917537746805,0.3461091753774681,0.3461091753774681,3bcfc1655708ffd0f23d25f85c06b8845b43ddde4c9f8c98a7fff568a97dc1b1,70ea7fc9038423fdfa51ab7647b91577821c1dd93f80d4f233176a7f903f80ba,True,True
SHD,1701,synaptic_delay_1,861,0.14634146341463414,0.14634146341463417,0.14634146341463417,3bcfc1655708ffd0f23d25f85c06b8845b43ddde4c9f8c98a7fff568a97dc1b1,62738c9544b458ab3bc89aeeb15e03c03cb684bda9f66561f1ac06a6a98f5bbe,True,True
SHD,2718,exponential__fixed,861,0.15447154471544716,0.1544715447154471,0.1544715447154471,5c6e091abade225de4d1c1aae5631f533078a1c872c1db46361506e6932f34ff,a70ab3a03d1ae630a13a4abbea3c9dd7c7e40243b5e74c0470f93c20432a16af,True,True
SHD,2718,exponential_euler,861,0.1718931475029036,0.17189314750290363,0.17189314750290363,5c6e091abade225de4d1c1aae5631f533078a1c872c1db46361506e6932f34ff,703fa16dc43da72cfa33767936b6ccc8c092e3235b1ffbe634bef56d259b4197,True,True
SHD,2718,fixed_q8_weights_q16_state,861,0.05110336817653891,0.05110336817653893,0.05110336817653893,5c6e091abade225de4d1c1aae5631f533078a1c872c1db46361506e6932f34ff,adc8ba9ae34aabf665b09271a2fac786a7fc95092503f3ff5160693dcb763e67,True,True
SHD,2718,floor_rounding_saturation,861,0.7607433217189314,0.7607433217189314,0.7607433217189314,5c6e091abade225de4d1c1aae5631f533078a1c872c1db46361506e6932f34ff,80e3aae0754e03d461ae88f463f26577da6adb918763935d4f312171c0974102,True,True
SHD,2718,pre_integration_threshold,861,0.2183507549361208,0.21835075493612077,0.21835075493612077,5c6e091abade225de4d1c1aae5631f533078a1c872c1db46361506e6932f34ff,bf95b48bb36a66d2f3e6898d16f5c6ae27337b5eb2c58c7c8512cb35ce622fab,True,True
SHD,2718,pre_threshold__floor,861,0.7711962833914053,0.7711962833914053,0.7711962833914053,5c6e091abade225de4d1c1aae5631f533078a1c872c1db46361506e6932f34ff,494c3ce0e7dcdea1184b3f134ab092b138509bef4f1ffe044dfa00366b97adbb,True,True
SHD,2718,reset__fixed__delay_1,861,0.429732868757259,0.429732868757259,0.429732868757259,5c6e091abade225de4d1c1aae5631f533078a1c872c1db46361506e6932f34ff,ff80786a3e58107cdd22b18c1ff8bad76e9accaab3c7d5193a048e4fd831cc0d,True,True
SHD,2718,reset_to_value,861,0.26480836236933797,0.264808362369338,0.264808362369338,5c6e091abade225de4d1c1aae5631f533078a1c872c1db46361506e6932f34ff,75cd1c043eddf0c9a33b4d35d3e535c99ac09901e4971e227f384bf6acc7a45e,True,True
SHD,2718,reset_to_value__delay_1,861,0.4343786295005807,0.4343786295005807,0.4343786295005807,5c6e091abade225de4d1c1aae5631f533078a1c872c1db46361506e6932f34ff,e3a4cec60cb87885995bfa8ff1058de916ae646cee6d3c38ba2b3c3c5d2818af,True,True
SHD,2718,synaptic_delay_1,861,0.2183507549361208,0.21835075493612077,0.21835075493612077,5c6e091abade225de4d1c1aae5631f533078a1c872c1db46361506e6932f34ff,bf95b48bb36a66d2f3e6898d16f5c6ae27337b5eb2c58c7c8512cb35ce622fab,True,True
SHD,3141,exponential__fixed,861,0.17770034843205576,0.17770034843205573,0.17770034843205573,1a6cc8eb68364cc250fbd7910817d81acb89c5460aa388cbb601c88e02a85761,79be7dcd01c4f695ffcf4f5d4d98933e4a1ed48498bda368002f696e378627af,True,True
SHD,3141,exponential_euler,861,0.18118466898954705,0.181184668989547,0.181184668989547,1a6cc8eb68364cc250fbd7910817d81acb89c5460aa388cbb601c88e02a85761,187513fa60baac1e0ccabfcad6e9b79de8b2406da57fcd52a5249408086d4726,True,True
SHD,3141,fixed_q8_weights_q16_state,861,0.04878048780487805,0.04878048780487809,0.04878048780487809,1a6cc8eb68364cc250fbd7910817d81acb89c5460aa388cbb601c88e02a85761,4130f61b4dccec49698e374c96ad13455c98437b05d41f013014d177c8011e50,True,True
SHD,3141,floor_rounding_saturation,861,0.7560975609756098,0.7560975609756098,0.7560975609756098,1a6cc8eb68364cc250fbd7910817d81acb89c5460aa388cbb601c88e02a85761,f2595d281c5cacd69d405167146fd71ccc09592022d24c12247ea3deb1dc36db,True,True
SHD,3141,pre_integration_threshold,861,0.1718931475029036,0.17189314750290363,0.17189314750290363,1a6cc8eb68364cc250fbd7910817d81acb89c5460aa388cbb601c88e02a85761,96160ac7ea1c1aee257464cc20c1ad97a8601ecbdb39822eaecc3a9cac6f14c3,True,True
SHD,3141,pre_threshold__floor,861,0.759581881533101,0.759581881533101,0.759581881533101,1a6cc8eb68364cc250fbd7910817d81acb89c5460aa388cbb601c88e02a85761,d46cd0dc1fe1cb83030ea344de1919f01b46c30cfbe54700f3b79b525e56d325,True,True
SHD,3141,reset__fixed__delay_1,861,0.39372822299651566,0.39372822299651566,0.39372822299651566,1a6cc8eb68364cc250fbd7910817d81acb89c5460aa388cbb601c88e02a85761,cc6cd428f21bf44f593d3ca5b09bcfbb27907b65a636665b251b52d8e1ce577d,True,True
SHD,3141,reset_to_value,861,0.2601626016260163,0.26016260162601623,0.26016260162601623,1a6cc8eb68364cc250fbd7910817d81acb89c5460aa388cbb601c88e02a85761,079eb08ccebfd4aec7b990cdf86bc638184318fab832e65640067735dee37ba4,True,True
SHD,3141,reset_to_value__delay_1,861,0.38443670150987225,0.3844367015098722,0.3844367015098722,1a6cc8eb68364cc250fbd7910817d81acb89c5460aa388cbb601c88e02a85761,252fffbb70752ced17006ffaa9aaa1681bed3c2969bc48e40a13935fd3eeead7,True,True
SHD,3141,synaptic_delay_1,861,0.1718931475029036,0.17189314750290363,0.17189314750290363,1a6cc8eb68364cc250fbd7910817d81acb89c5460aa388cbb601c88e02a85761,96160ac7ea1c1aee257464cc20c1ad97a8601ecbdb39822eaecc3a9cac6f14c3,True,True
SHD,5772,exponential__fixed,861,0.15911730545876887,0.1591173054587689,0.1591173054587689,2ab449cdcb76283ba8044a6e3887bfb3144eec49c2c940cef3794581466e3f1a,5fda5deca3474893e7b3f9a3c733b6f1418455055e4730628fa405dedc2f1f1a,True,True
SHD,5772,exponential_euler,861,0.140534262485482,0.14053426248548195,0.14053426248548195,2ab449cdcb76283ba8044a6e3887bfb3144eec49c2c940cef3794581466e3f1a,f84f10379b1c9183ab0bf351373e26b13885f3ad78496a138b29c1c532613602,True,True
SHD,5772,fixed_q8_weights_q16_state,861,0.041811846689895474,0.04181184668989546,0.04181184668989546,2ab449cdcb76283ba8044a6e3887bfb3144eec49c2c940cef3794581466e3f1a,bc6d43c53c5c682b29466840675a788c1c2caa7ac6af3214548b68f1a48d3d18,True,True
SHD,5772,floor_rounding_saturation,861,0.8373983739837398,0.8373983739837398,0.8373983739837398,2ab449cdcb76283ba8044a6e3887bfb3144eec49c2c940cef3794581466e3f1a,6ce43d76ccefd2ef8318b601dd8819cba7fd84d08987efe0a80da9d7afdf96db,True,True
SHD,5772,pre_integration_threshold,861,0.15795586527293845,0.15795586527293848,0.15795586527293848,2ab449cdcb76283ba8044a6e3887bfb3144eec49c2c940cef3794581466e3f1a,ded0e2814cef58e37eab64cfe3be7277b3de4e41c96a2f22d1dc4c3063b69e2b,True,True
SHD,5772,pre_threshold__floor,861,0.835075493612079,0.835075493612079,0.835075493612079,2ab449cdcb76283ba8044a6e3887bfb3144eec49c2c940cef3794581466e3f1a,683efca85064cdf76c6590c8cf108d55193e7d42c7948b17c00df3d06d830f6f,True,True
SHD,5772,reset__fixed__delay_1,861,0.3426248548199768,0.34262485481997673,0.34262485481997673,2ab449cdcb76283ba8044a6e3887bfb3144eec49c2c940cef3794581466e3f1a,66f82c82dba325fd32e992d7cc235a4c4c6c1573cd04e66d8634ccbb626eadd8,True,True
SHD,5772,reset_to_value,861,0.2218350754936121,0.22183507549361203,0.22183507549361203,2ab449cdcb76283ba8044a6e3887bfb3144eec49c2c940cef3794581466e3f1a,e121ef892d1e375d8f670e587feeaaa05e72e2d99428ab2228229946a23b9beb,True,True
SHD,5772,reset_to_value__delay_1,861,0.3205574912891986,0.32055749128919864,0.32055749128919864,2ab449cdcb76283ba8044a6e3887bfb3144eec49c2c940cef3794581466e3f1a,c6d6e2405013999c587ecbb98666869f64370474c52f9a73188045de98b73d71,True,True
SHD,5772,synaptic_delay_1,861,0.15795586527293845,0.15795586527293848,0.15795586527293848,2ab449cdcb76283ba8044a6e3887bfb3144eec49c2c940cef3794581466e3f1a,ded0e2814cef58e37eab64cfe3be7277b3de4e41c96a2f22d1dc4c3063b69e2b,True,True
SHD,8119,exponential__fixed,861,0.13356562137049943,0.13356562137049943,0.13356562137049943,454dd123f53716da4b72234e8573fc2e8e11bf635fc3153c816688051c0df040,dab9b00f163266af49581486bf05ae41ee79ddf5aa506d5334492c5b26abcb04,True,True
SHD,8119,exponential_euler,861,0.1207897793263647,0.1207897793263647,0.1207897793263647,454dd123f53716da4b72234e8573fc2e8e11bf635fc3153c816688051c0df040,d1e0f16533a99270d2c489e8094fbfcde48382f303906e25db4fa80a4f96bb41,True,True
SHD,8119,fixed_q8_weights_q16_state,861,0.059233449477351915,0.059233449477351874,0.059233449477351874,454dd123f53716da4b72234e8573fc2e8e11bf635fc3153c816688051c0df040,30ec5eb5b5cfc4f4fe9f22de98dde46825227444b5180d9f09975ef702e59089,True,True
SHD,8119,floor_rounding_saturation,861,0.8060394889663183,0.8060394889663183,0.8060394889663183,454dd123f53716da4b72234e8573fc2e8e11bf635fc3153c816688051c0df040,515948539056bf9ef33a765162b10018d0714b45d4543d8a78e2df75e9fbd6b2,True,True
SHD,8119,pre_integration_threshold,861,0.15563298490127758,0.15563298490127764,0.15563298490127764,454dd123f53716da4b72234e8573fc2e8e11bf635fc3153c816688051c0df040,ab0b4dd8601b821ee3596a9bcb73ab0bb73cab32b335774a75af07da1753c028,True,True
SHD,8119,pre_threshold__floor,861,0.8095238095238095,0.8095238095238095,0.8095238095238095,454dd123f53716da4b72234e8573fc2e8e11bf635fc3153c816688051c0df040,6d1182e87f08127a0ef9e30cf374b89af71e16bef3a2aefe4874ac2f6f8fa18e,True,True
SHD,8119,reset__fixed__delay_1,861,0.30313588850174217,0.3031358885017421,0.3031358885017421,454dd123f53716da4b72234e8573fc2e8e11bf635fc3153c816688051c0df040,bb01fa26a8081e03da92fab97e277e5148f9cae9228b0e58516a91c332c49cb8,True,True
SHD,8119,reset_to_value,861,0.19628339140534262,0.19628339140534268,0.19628339140534268,454dd123f53716da4b72234e8573fc2e8e11bf635fc3153c816688051c0df040,8dc66d34a8f89b8f0939c8fe1a0fb52149310a1b8e73dddbe372c9b2e4a9f503,True,True
SHD,8119,reset_to_value__delay_1,861,0.29965156794425085,0.29965156794425085,0.29965156794425085,454dd123f53716da4b72234e8573fc2e8e11bf635fc3153c816688051c0df040,f7ac47bb6846439aaea400b4db4338ec8dec00cb2f8883d5eb8cb86a0d17d710,True,True
SHD,8119,synaptic_delay_1,861,0.15563298490127758,0.15563298490127764,0.15563298490127764,454dd123f53716da4b72234e8573fc2e8e11bf635fc3153c816688051c0df040,ab0b4dd8601b821ee3596a9bcb73ab0bb73cab32b335774a75af07da1753c028,True,True
N-MNIST,1701,exponential__fixed,6005,0.012656119900083264,0.012656119900083307,0.012656119900083307,cc095e54dcab71ff4138709ef88409356af09700be6dcb8bc65f8ec7792da1e5,7d6cdf290804c5f2a4fcf03237af09a4f1d7a07af3026be681759b344109b772,True,True
N-MNIST,1701,exponential_euler,6005,0.013488759367194006,0.013488759367193959,0.013488759367193959,cc095e54dcab71ff4138709ef88409356af09700be6dcb8bc65f8ec7792da1e5,fd5d89665c38548e00ebc5fe0be9cdfdd8c662a58ea608e2d205c79908766379,True,True
N-MNIST,1701,fixed_q8_weights_q16_state,6005,0.005661948376353039,0.005661948376353032,0.005661948376353032,cc095e54dcab71ff4138709ef88409356af09700be6dcb8bc65f8ec7792da1e5,8c79b916c902ed50981b0e267c3172c3642a39afd54d176a9ee5b2875f0057c6,True,True
N-MNIST,1701,floor_rounding_saturation,6005,0.05961698584512906,0.05961698584512909,0.05961698584512909,cc095e54dcab71ff4138709ef88409356af09700be6dcb8bc65f8ec7792da1e5,f71167b6a0435b907a404d9ad764f0f43c37ae0d47688f72c112a5e4b90822f4,True,True
N-MNIST,1701,pre_integration_threshold,6005,0.00016652789342214822,0.00016652789342219698,0.00016652789342219698,cc095e54dcab71ff4138709ef88409356af09700be6dcb8bc65f8ec7792da1e5,398bad0b7f81bf765356fb3c2c9fda7aeb114f1b264efe638578af280bd03ccd,True,True
N-MNIST,1701,pre_threshold__floor,6005,0.05961698584512906,0.05961698584512909,0.05961698584512909,cc095e54dcab71ff4138709ef88409356af09700be6dcb8bc65f8ec7792da1e5,f71167b6a0435b907a404d9ad764f0f43c37ae0d47688f72c112a5e4b90822f4,True,True
N-MNIST,1701,reset__fixed__delay_1,6005,0.0138218151540383,0.013821815154038353,0.013821815154038353,cc095e54dcab71ff4138709ef88409356af09700be6dcb8bc65f8ec7792da1e5,e6ee3a978dabcbcefb63a40e9f2572704462c7bfbbe64a0a7092703222febfb2,True,True
N-MNIST,1701,reset_to_value,6005,0.013322231473771857,0.013322231473771873,0.013322231473771873,cc095e54dcab71ff4138709ef88409356af09700be6dcb8bc65f8ec7792da1e5,c462d2e881021a0b569f347d0032ddbd688e55f39623651482ddb420738331a0,True,True
N-MNIST,1701,reset_to_value__delay_1,6005,0.013322231473771857,0.013322231473771873,0.013322231473771873,cc095e54dcab71ff4138709ef88409356af09700be6dcb8bc65f8ec7792da1e5,893fec8701208a533e6aeb3322cb0bbb19cc9d37de437749bbd42ec16a87bb39,True,True
N-MNIST,1701,synaptic_delay_1,6005,0.00016652789342214822,0.00016652789342219698,0.00016652789342219698,cc095e54dcab71ff4138709ef88409356af09700be6dcb8bc65f8ec7792da1e5,398bad0b7f81bf765356fb3c2c9fda7aeb114f1b264efe638578af280bd03ccd,True,True
N-MNIST,2718,exponential__fixed,6005,0.01298917568692756,0.01298917568692759,0.01298917568692759,73de0c84a723596afd472916610519f0c63e6a6cd23663191cd54e56eaca47a3,e9d5ce31a2ad919b6ec2c0f10090fa8f0234123828036929f60aa449c55976ef,True,True
N-MNIST,2718,exponential_euler,6005,0.011323896752706078,0.011323896752706064,0.011323896752706064,73de0c84a723596afd472916610519f0c63e6a6cd23663191cd54e56eaca47a3,12519a856c9126e54b878943275155efd5f32aaf547cea4011f95d7a82aa7b9d,True,True
N-MNIST,2718,fixed_q8_weights_q16_state,6005,0.007660283097418817,0.007660283097418841,0.007660283097418841,73de0c84a723596afd472916610519f0c63e6a6cd23663191cd54e56eaca47a3,a7544d844f324913356287e7cbbe409af9f3e93b3dffffbbdd243acee0d6d4dc,True,True
N-MNIST,2718,floor_rounding_saturation,6005,0.07593671940049958,0.07593671940049962,0.07593671940049962,73de0c84a723596afd472916610519f0c63e6a6cd23663191cd54e56eaca47a3,0af67aab72cd05ab4c0ba7121c1dfa85901560e3fbb29391c95ec0d26ff25842,True,True
N-MNIST,2718,pre_integration_threshold,6005,0.00016652789342214822,0.00016652789342219698,0.00016652789342219698,73de0c84a723596afd472916610519f0c63e6a6cd23663191cd54e56eaca47a3,763e2e3be6c3d4811b26c08e7a8f86314f0c9ceb8486038290e790c3814a6a6e,True,True
N-MNIST,2718,pre_threshold__floor,6005,0.07593671940049958,0.07593671940049962,0.07593671940049962,73de0c84a723596afd472916610519f0c63e6a6cd23663191cd54e56eaca47a3,0af67aab72cd05ab4c0ba7121c1dfa85901560e3fbb29391c95ec0d26ff25842,True,True
N-MNIST,2718,reset__fixed__delay_1,6005,0.011823480432972523,0.011823480432972544,0.011823480432972544,73de0c84a723596afd472916610519f0c63e6a6cd23663191cd54e56eaca47a3,9d69658a8cd840ccab66da0c7a45d21883e6791fb49700c7d8d44abc2249f108,True,True
N-MNIST,2718,reset_to_value,6005,0.009991673605328892,0.009991673605328932,0.009991673605328932,73de0c84a723596afd472916610519f0c63e6a6cd23663191cd54e56eaca47a3,58d1697d00e185f5aa7d023e1fdc7f58c08554f1467e4123f17692564007d98f,True,True
N-MNIST,2718,reset_to_value__delay_1,6005,0.009991673605328892,0.009991673605328932,0.009991673605328932,73de0c84a723596afd472916610519f0c63e6a6cd23663191cd54e56eaca47a3,58d1697d00e185f5aa7d023e1fdc7f58c08554f1467e4123f17692564007d98f,True,True
N-MNIST,2718,synaptic_delay_1,6005,0.00016652789342214822,0.00016652789342219698,0.00016652789342219698,73de0c84a723596afd472916610519f0c63e6a6cd23663191cd54e56eaca47a3,763e2e3be6c3d4811b26c08e7a8f86314f0c9ceb8486038290e790c3814a6a6e,True,True
N-MNIST,3141,exponential__fixed,6005,0.009825145711906744,0.009825145711906735,0.009825145711906735,20b203d652b2fb4f0b268de795ab65e0596476466abeb458d15b3fbe5699c6cb,94df31bb6e1ddf388a64fff363cef6889b4eb2de6c7f244e67a153b72687a561,True,True
N-MNIST,3141,exponential_euler,6005,0.009991673605328892,0.009991673605328932,0.009991673605328932,20b203d652b2fb4f0b268de795ab65e0596476466abeb458d15b3fbe5699c6cb,3c793e4ad1ef186c73e651e48f4af359171c735357acb037eb4c11cd50f02aba,True,True
N-MNIST,3141,fixed_q8_weights_q16_state,6005,0.004995836802664446,0.004995836802664466,0.004995836802664466,20b203d652b2fb4f0b268de795ab65e0596476466abeb458d15b3fbe5699c6cb,f93e12a2bb3c9668776cd5137fb3e21a1edc8e1ffe34ad8f50018eee35eed5b3,True,True
N-MNIST,3141,floor_rounding_saturation,6005,0.06477935054121566,0.06477935054121564,0.06477935054121564,20b203d652b2fb4f0b268de795ab65e0596476466abeb458d15b3fbe5699c6cb,a9e39556b68886f5106ed0c5a60fbb41d08c344e913666126f809248c6965992,True,True
N-MNIST,3141,pre_integration_threshold,6005,0.0,0.0,0.0,20b203d652b2fb4f0b268de795ab65e0596476466abeb458d15b3fbe5699c6cb,20b203d652b2fb4f0b268de795ab65e0596476466abeb458d15b3fbe5699c6cb,True,True
N-MNIST,3141,pre_threshold__floor,6005,0.06477935054121566,0.06477935054121564,0.06477935054121564,20b203d652b2fb4f0b268de795ab65e0596476466abeb458d15b3fbe5699c6cb,a9e39556b68886f5106ed0c5a60fbb41d08c344e913666126f809248c6965992,True,True
N-MNIST,3141,reset__fixed__delay_1,6005,0.0093255620316403,0.009325562031640255,0.009325562031640255,20b203d652b2fb4f0b268de795ab65e0596476466abeb458d15b3fbe5699c6cb,68346e7bcca9f519d5c5b672eda02ef29aa7d8e4757f42a5d1c284a1bbb6a37e,True,True
N-MNIST,3141,reset_to_value,6005,0.00832639467110741,0.008326394671107407,0.008326394671107407,20b203d652b2fb4f0b268de795ab65e0596476466abeb458d15b3fbe5699c6cb,3c5a2841196e3225c6da48db687df425b84522bfa37705c50a07d8e9a97bff1d,True,True
N-MNIST,3141,reset_to_value__delay_1,6005,0.008492922564529558,0.008492922564529604,0.008492922564529604,20b203d652b2fb4f0b268de795ab65e0596476466abeb458d15b3fbe5699c6cb,8974feaf4159bfc1aa788952e2f118f896437d795f33b37bf7bd4c1777359106,True,True
N-MNIST,3141,synaptic_delay_1,6005,0.0,0.0,0.0,20b203d652b2fb4f0b268de795ab65e0596476466abeb458d15b3fbe5699c6cb,20b203d652b2fb4f0b268de795ab65e0596476466abeb458d15b3fbe5699c6cb,True,True
N-MNIST,5772,exponential__fixed,6005,0.011656952539550375,0.011656952539550347,0.011656952539550347,d2ff47ec3f528b119c34c61a4a1db5d390b8c136e4468d48cceb4a5188c9d5f1,08c9837bc47ee1a122fdd5df9251bbb8c55576e03a3b4276a21facb01fcec468,True,True
N-MNIST,5772,exponential_euler,6005,0.010491257285595338,0.010491257285595301,0.010491257285595301,d2ff47ec3f528b119c34c61a4a1db5d390b8c136e4468d48cceb4a5188c9d5f1,906db0c599a63d898d31cc68d81bf20d12e9dc96c65319bbd2d2dd0393d074fe,True,True
N-MNIST,5772,fixed_q8_weights_q16_state,6005,0.005162364696086595,0.005162364696086552,0.005162364696086552,d2ff47ec3f528b119c34c61a4a1db5d390b8c136e4468d48cceb4a5188c9d5f1,12ce8ac698d0be310eb6ba8e34ccd162639879961c13f04e1db3475e063c853a,True,True
N-MNIST,5772,floor_rounding_saturation,6005,0.05545378850957535,0.055453788509575386,0.055453788509575386,d2ff47ec3f528b119c34c61a4a1db5d390b8c136e4468d48cceb4a5188c9d5f1,26fb8026426e5613ffb323d0519e41ff585ebba7002609a4ee071f956a6465e7,True,True
N-MNIST,5772,pre_integration_threshold,6005,0.0,0.0,0.0,d2ff47ec3f528b119c34c61a4a1db5d390b8c136e4468d48cceb4a5188c9d5f1,d2ff47ec3f528b119c34c61a4a1db5d390b8c136e4468d48cceb4a5188c9d5f1,True,True
N-MNIST,5772,pre_threshold__floor,6005,0.05545378850957535,0.055453788509575386,0.055453788509575386,d2ff47ec3f528b119c34c61a4a1db5d390b8c136e4468d48cceb4a5188c9d5f1,26fb8026426e5613ffb323d0519e41ff585ebba7002609a4ee071f956a6465e7,True,True
N-MNIST,5772,reset__fixed__delay_1,6005,0.010824313072439634,0.010824313072439584,0.010824313072439584,d2ff47ec3f528b119c34c61a4a1db5d390b8c136e4468d48cceb4a5188c9d5f1,33bd8443d48217a31586635798cce9e1516a4a9b34054e44ce8c5bd837f91637,True,True
N-MNIST,5772,reset_to_value,6005,0.009492089925062447,0.009492089925062452,0.009492089925062452,d2ff47ec3f528b119c34c61a4a1db5d390b8c136e4468d48cceb4a5188c9d5f1,b2d5c5ff01d96f6ed8654d25f52280b3024d43c6a8fa2db3e6f3e075e0803361,True,True
N-MNIST,5772,reset_to_value__delay_1,6005,0.009492089925062447,0.009492089925062452,0.009492089925062452,d2ff47ec3f528b119c34c61a4a1db5d390b8c136e4468d48cceb4a5188c9d5f1,b2d5c5ff01d96f6ed8654d25f52280b3024d43c6a8fa2db3e6f3e075e0803361,True,True
N-MNIST,5772,synaptic_delay_1,6005,0.0,0.0,0.0,d2ff47ec3f528b119c34c61a4a1db5d390b8c136e4468d48cceb4a5188c9d5f1,d2ff47ec3f528b119c34c61a4a1db5d390b8c136e4468d48cceb4a5188c9d5f1,True,True
N-MNIST,8119,exponential__fixed,6005,0.00832639467110741,0.008326394671107407,0.008326394671107407,1cafcd27485472d24c999eb9029987edb9eb546ad9961140a23dbdbd5877c12b,4006a43631daee4fb4e4b2fd10a4ba06f476672be88627ef6f650c9573a904a9,True,True
N-MNIST,8119,exponential_euler,6005,0.009825145711906744,0.009825145711906735,0.009825145711906735,1cafcd27485472d24c999eb9029987edb9eb546ad9961140a23dbdbd5877c12b,391e7ed3acf0835d3bed1d6d77a19f93ab030e33fbcaf9ed53d107eeef0594e1,True,True
N-MNIST,8119,fixed_q8_weights_q16_state,6005,0.005828476269775187,0.005828476269775229,0.005828476269775229,1cafcd27485472d24c999eb9029987edb9eb546ad9961140a23dbdbd5877c12b,1d4ebb74d9425b2ecd012397264447e60084d8b3e80fe9279feefb64ac905a7b,True,True
N-MNIST,8119,floor_rounding_saturation,6005,0.06827643630308076,0.06827643630308078,0.06827643630308078,1cafcd27485472d24c999eb9029987edb9eb546ad9961140a23dbdbd5877c12b,4643350f4c914ae550373a6bd965ea23fb65c2104ef91fad15d1e1ad2ac4a8d4,True,True
N-MNIST,8119,pre_integration_threshold,6005,0.00016652789342214822,0.00016652789342219698,0.00016652789342219698,1cafcd27485472d24c999eb9029987edb9eb546ad9961140a23dbdbd5877c12b,41b47212ad5301cca801decf48e0cb3fd0c9a6eba0600758f7dad488d332d9f9,True,True
N-MNIST,8119,pre_threshold__floor,6005,0.06827643630308076,0.06827643630308078,0.06827643630308078,1cafcd27485472d24c999eb9029987edb9eb546ad9961140a23dbdbd5877c12b,4643350f4c914ae550373a6bd965ea23fb65c2104ef91fad15d1e1ad2ac4a8d4,True,True
N-MNIST,8119,reset__fixed__delay_1,6005,0.011323896752706078,0.011323896752706064,0.011323896752706064,1cafcd27485472d24c999eb9029987edb9eb546ad9961140a23dbdbd5877c12b,8d10606b8a755f507b0b0f64bd7f513018b4d68eb151188bdc2bacdd6e62f8ee,True,True
N-MNIST,8119,reset_to_value,6005,0.01015820149875104,0.010158201498751018,0.010158201498751018,1cafcd27485472d24c999eb9029987edb9eb546ad9961140a23dbdbd5877c12b,7da1964263bfa546dec52b67cc1c852916ec43f047b68d485f0cb9898d43c5e3,True,True
N-MNIST,8119,reset_to_value__delay_1,6005,0.010491257285595338,0.010491257285595301,0.010491257285595301,1cafcd27485472d24c999eb9029987edb9eb546ad9961140a23dbdbd5877c12b,0c54c2673391596f8f27365eb7358bf7342ce4ce50ea307f2b6b51bb69d9cd73,True,True
N-MNIST,8119,synaptic_delay_1,6005,0.00016652789342214822,0.00016652789342219698,0.00016652789342219698,1cafcd27485472d24c999eb9029987edb9eb546ad9961140a23dbdbd5877c12b,41b47212ad5301cca801decf48e0cb3fd0c9a6eba0600758f7dad488d332d9f9,True,True
DVS Gesture,1701,exponential__fixed,104,0.038461538461538464,0.038461538461538436,0.038461538461538436,040913c3893d3a3e2c696db6a1356db07d91744833fb5d3067c8036f85ad76b1,a4cb43c1a60d127b42250f42102cec61080971cfd2548287d7630b3c6ebe8f07,True,True
DVS Gesture,1701,exponential_euler,104,0.0673076923076923,0.06730769230769229,0.06730769230769229,040913c3893d3a3e2c696db6a1356db07d91744833fb5d3067c8036f85ad76b1,121bfc99dff124f44cd26f1ea1a574048dabf25abc0fdba135d1a6cf211fc8b4,True,True
DVS Gesture,1701,fixed_q8_weights_q16_state,104,0.0,0.0,0.0,040913c3893d3a3e2c696db6a1356db07d91744833fb5d3067c8036f85ad76b1,040913c3893d3a3e2c696db6a1356db07d91744833fb5d3067c8036f85ad76b1,True,True
DVS Gesture,1701,floor_rounding_saturation,104,0.40384615384615385,0.40384615384615385,0.40384615384615385,040913c3893d3a3e2c696db6a1356db07d91744833fb5d3067c8036f85ad76b1,52f23c56787e8c4b4053147d3dd4820ecc3b4c1f849ae33b985fe432d6fde876,True,True
DVS Gesture,1701,pre_integration_threshold,104,0.0,0.0,0.0,040913c3893d3a3e2c696db6a1356db07d91744833fb5d3067c8036f85ad76b1,040913c3893d3a3e2c696db6a1356db07d91744833fb5d3067c8036f85ad76b1,True,True
DVS Gesture,1701,pre_threshold__floor,104,0.3942307692307692,0.3942307692307693,0.3942307692307693,040913c3893d3a3e2c696db6a1356db07d91744833fb5d3067c8036f85ad76b1,6d33b896c231734f72492ac188e2b33ee9bafbe6c2974c1ff63a04ba29381177,True,True
DVS Gesture,1701,reset__fixed__delay_1,104,0.028846153846153848,0.028846153846153855,0.028846153846153855,040913c3893d3a3e2c696db6a1356db07d91744833fb5d3067c8036f85ad76b1,266f7837bf778a42e3402f409841eaee27a7cecc14b40249edd9e4e6261272e1,True,True
DVS Gesture,1701,reset_to_value,104,0.028846153846153848,0.028846153846153855,0.028846153846153855,040913c3893d3a3e2c696db6a1356db07d91744833fb5d3067c8036f85ad76b1,970f549ca006b4c76512de7ef14fa6e5e6d67039adc220f7d379909592f48097,True,True
DVS Gesture,1701,reset_to_value__delay_1,104,0.028846153846153848,0.028846153846153855,0.028846153846153855,040913c3893d3a3e2c696db6a1356db07d91744833fb5d3067c8036f85ad76b1,970f549ca006b4c76512de7ef14fa6e5e6d67039adc220f7d379909592f48097,True,True
DVS Gesture,1701,synaptic_delay_1,104,0.0,0.0,0.0,040913c3893d3a3e2c696db6a1356db07d91744833fb5d3067c8036f85ad76b1,040913c3893d3a3e2c696db6a1356db07d91744833fb5d3067c8036f85ad76b1,True,True
DVS Gesture,2718,exponential__fixed,104,0.15384615384615385,0.15384615384615385,0.15384615384615385,3862b6dc7982b1f36e5d4dd9856e2e939319367dfdb81c1300f502576f66cd51,8874a3c905eae7f59160588a22ddb1bea4fe2149777984d067a9064d52219575,True,True
DVS Gesture,2718,exponential_euler,104,0.17307692307692307,0.17307692307692313,0.17307692307692313,3862b6dc7982b1f36e5d4dd9856e2e939319367dfdb81c1300f502576f66cd51,7b9aa063074e5c67938b753d917c253bba6d8696a125a6a887a966eb3dca8515,True,True
DVS Gesture,2718,fixed_q8_weights_q16_state,104,0.028846153846153848,0.028846153846153855,0.028846153846153855,3862b6dc7982b1f36e5d4dd9856e2e939319367dfdb81c1300f502576f66cd51,56e9c3c2877484cf082861639e061a7750263b321e4650b0d74a655127da1035,True,True
DVS Gesture,2718,floor_rounding_saturation,104,0.5576923076923077,0.5576923076923077,0.5576923076923077,3862b6dc7982b1f36e5d4dd9856e2e939319367dfdb81c1300f502576f66cd51,8a9c7d4b060d2822abb97e398a0603d8c8201a35c8c3a56c0fbb7e631c8dabf2,True,True
DVS Gesture,2718,pre_integration_threshold,104,0.0,0.0,0.0,3862b6dc7982b1f36e5d4dd9856e2e939319367dfdb81c1300f502576f66cd51,3862b6dc7982b1f36e5d4dd9856e2e939319367dfdb81c1300f502576f66cd51,True,True
DVS Gesture,2718,pre_threshold__floor,104,0.5769230769230769,0.5769230769230769,0.5769230769230769,3862b6dc7982b1f36e5d4dd9856e2e939319367dfdb81c1300f502576f66cd51,023be7c7a3ff70b287f628841754182e620e5a967cac8dd7500cc2b4967ce835,True,True
DVS Gesture,2718,reset__fixed__delay_1,104,0.1346153846153846,0.13461538461538458,0.13461538461538458,3862b6dc7982b1f36e5d4dd9856e2e939319367dfdb81c1300f502576f66cd51,90defdecb44eb1e636b5553219c2a704345f470b9fbc61098b730d336b9b5cdf,True,True
DVS Gesture,2718,reset_to_value,104,0.125,0.125,0.125,3862b6dc7982b1f36e5d4dd9856e2e939319367dfdb81c1300f502576f66cd51,7f30173137c0c1155ace84195858cf590d029afa4fca3c67aba272f920ebedca,True,True
DVS Gesture,2718,reset_to_value__delay_1,104,0.125,0.125,0.125,3862b6dc7982b1f36e5d4dd9856e2e939319367dfdb81c1300f502576f66cd51,7f30173137c0c1155ace84195858cf590d029afa4fca3c67aba272f920ebedca,True,True
DVS Gesture,2718,synaptic_delay_1,104,0.0,0.0,0.0,3862b6dc7982b1f36e5d4dd9856e2e939319367dfdb81c1300f502576f66cd51,3862b6dc7982b1f36e5d4dd9856e2e939319367dfdb81c1300f502576f66cd51,True,True
DVS Gesture,3141,exponential__fixed,104,0.1346153846153846,0.13461538461538458,0.13461538461538458,fb9c18f690762f11d73697b7a84d3a2c7c97fbdb2e741f29d7b61b29ce1158f7,5d62ea9269b6f3f2219c680c7b5011bfd66d74c99757708416d3d3a1bcd41481,True,True
DVS Gesture,3141,exponential_euler,104,0.16346153846153846,0.16346153846153844,0.16346153846153844,fb9c18f690762f11d73697b7a84d3a2c7c97fbdb2e741f29d7b61b29ce1158f7,8d4d8fcb97c34382e37889e956747873a87e384b4f74fa970a17663ea2364747,True,True
DVS Gesture,3141,fixed_q8_weights_q16_state,104,0.0,0.0,0.0,fb9c18f690762f11d73697b7a84d3a2c7c97fbdb2e741f29d7b61b29ce1158f7,fb9c18f690762f11d73697b7a84d3a2c7c97fbdb2e741f29d7b61b29ce1158f7,True,True
DVS Gesture,3141,floor_rounding_saturation,104,0.6057692307692307,0.6057692307692308,0.6057692307692308,fb9c18f690762f11d73697b7a84d3a2c7c97fbdb2e741f29d7b61b29ce1158f7,88e8f0ea78001868bc65b9c5e58ee02a37f6c5df2e9a6729365fee8ccee6dd95,True,True
DVS Gesture,3141,pre_integration_threshold,104,0.0,0.0,0.0,fb9c18f690762f11d73697b7a84d3a2c7c97fbdb2e741f29d7b61b29ce1158f7,fb9c18f690762f11d73697b7a84d3a2c7c97fbdb2e741f29d7b61b29ce1158f7,True,True
DVS Gesture,3141,pre_threshold__floor,104,0.6057692307692307,0.6057692307692308,0.6057692307692308,fb9c18f690762f11d73697b7a84d3a2c7c97fbdb2e741f29d7b61b29ce1158f7,d2a2469a80868e684de66d5f8b30f8ae9998b30b391ab825225ec7df8bd7a099,True,True
DVS Gesture,3141,reset__fixed__delay_1,104,0.1346153846153846,0.13461538461538458,0.13461538461538458,fb9c18f690762f11d73697b7a84d3a2c7c97fbdb2e741f29d7b61b29ce1158f7,d168a67214eee21e126b1f23c86b02e5e4e97810f9d90fe960df2b167bf2c07e,True,True
DVS Gesture,3141,reset_to_value,104,0.125,0.125,0.125,fb9c18f690762f11d73697b7a84d3a2c7c97fbdb2e741f29d7b61b29ce1158f7,f01ef94e76d3519736f0f42143d82dff3584d8c03d20fa5bdc2a81cc7bd1d7c7,True,True
DVS Gesture,3141,reset_to_value__delay_1,104,0.09615384615384616,0.09615384615384615,0.09615384615384615,fb9c18f690762f11d73697b7a84d3a2c7c97fbdb2e741f29d7b61b29ce1158f7,9696fd639001702fce6573be5926fedd7c10cb32387236c30e883e2109ff8e8d,True,True
DVS Gesture,3141,synaptic_delay_1,104,0.0,0.0,0.0,fb9c18f690762f11d73697b7a84d3a2c7c97fbdb2e741f29d7b61b29ce1158f7,fb9c18f690762f11d73697b7a84d3a2c7c97fbdb2e741f29d7b61b29ce1158f7,True,True
DVS Gesture,5772,exponential__fixed,104,0.16346153846153846,0.16346153846153844,0.16346153846153844,9d09a4fcb8ce3430205bb17670022e505dfcd3e9dd969ad357eb2907b966cd09,074515d5c58ba778bcc9768dd08da0a9654c93400a92d314a9e4cf98a71678f2,True,True
DVS Gesture,5772,exponential_euler,104,0.15384615384615385,0.15384615384615385,0.15384615384615385,9d09a4fcb8ce3430205bb17670022e505dfcd3e9dd969ad357eb2907b966cd09,0ec6ff31e8b03c5f7c3c983a32e8bbb72157aa14466e40c1a506c7046f3137d7,True,True
DVS Gesture,5772,fixed_q8_weights_q16_state,104,0.04807692307692308,0.04807692307692313,0.04807692307692313,9d09a4fcb8ce3430205bb17670022e505dfcd3e9dd969ad357eb2907b966cd09,8390316003797ac276a4e36fb95e3e9893a89eb61220e38088580111d07d3b40,True,True
DVS Gesture,5772,floor_rounding_saturation,104,0.5961538461538461,0.5961538461538461,0.5961538461538461,9d09a4fcb8ce3430205bb17670022e505dfcd3e9dd969ad357eb2907b966cd09,33c88ea8df59c8dd0b0e70e51ff94ba63fd057a414c384f36d59d6fb191655ec,True,True
DVS Gesture,5772,pre_integration_threshold,104,0.0,0.0,0.0,9d09a4fcb8ce3430205bb17670022e505dfcd3e9dd969ad357eb2907b966cd09,9d09a4fcb8ce3430205bb17670022e505dfcd3e9dd969ad357eb2907b966cd09,True,True
DVS Gesture,5772,pre_threshold__floor,104,0.5961538461538461,0.5961538461538461,0.5961538461538461,9d09a4fcb8ce3430205bb17670022e505dfcd3e9dd969ad357eb2907b966cd09,d7239e538918ce6673ec525d6fb7ed461b9a2055d058b124fa82933e400a999d,True,True
DVS Gesture,5772,reset__fixed__delay_1,104,0.125,0.125,0.125,9d09a4fcb8ce3430205bb17670022e505dfcd3e9dd969ad357eb2907b966cd09,777604aaf95240c2388a1d13657d087a992a74363aed07331969cced34d95361,True,True
DVS Gesture,5772,reset_to_value,104,0.1346153846153846,0.13461538461538458,0.13461538461538458,9d09a4fcb8ce3430205bb17670022e505dfcd3e9dd969ad357eb2907b966cd09,d949446658a6f5cfd21b7c0e5d692b800b6cd4dfe3ba78b49ce4054b550b3863,True,True
DVS Gesture,5772,reset_to_value__delay_1,104,0.1346153846153846,0.13461538461538458,0.13461538461538458,9d09a4fcb8ce3430205bb17670022e505dfcd3e9dd969ad357eb2907b966cd09,d949446658a6f5cfd21b7c0e5d692b800b6cd4dfe3ba78b49ce4054b550b3863,True,True
DVS Gesture,5772,synaptic_delay_1,104,0.0,0.0,0.0,9d09a4fcb8ce3430205bb17670022e505dfcd3e9dd969ad357eb2907b966cd09,9d09a4fcb8ce3430205bb17670022e505dfcd3e9dd969ad357eb2907b966cd09,True,True
DVS Gesture,8119,exponential__fixed,104,0.15384615384615385,0.15384615384615385,0.15384615384615385,18c28887b38769d6919fa40525cb89317ee92694790ddf948a11aa718d793175,9a3cf99ce6415e28872c6b14ec083a63b37a98729278237844ab63cd3bf86f10,True,True
DVS Gesture,8119,exponential_euler,104,0.14423076923076922,0.14423076923076927,0.14423076923076927,18c28887b38769d6919fa40525cb89317ee92694790ddf948a11aa718d793175,60d2f9601ead8685c6c546541982bb66ac468d3d39dd810f3a56b34a8119feb9,True,True
DVS Gesture,8119,fixed_q8_weights_q16_state,104,0.04807692307692308,0.04807692307692313,0.04807692307692313,18c28887b38769d6919fa40525cb89317ee92694790ddf948a11aa718d793175,11229ad125467a8a0a1e05ba2f84855860694c607f411fc566ecfa2e3eee8c1b,True,True
DVS Gesture,8119,floor_rounding_saturation,104,0.5096153846153846,0.5096153846153846,0.5096153846153846,18c28887b38769d6919fa40525cb89317ee92694790ddf948a11aa718d793175,b4a4e790a6c4dc852dea103ee48cb0a1a81d198f3d1e3eccf40688f0679d1fa7,True,True
DVS Gesture,8119,pre_integration_threshold,104,0.009615384615384616,0.009615384615384581,0.009615384615384581,18c28887b38769d6919fa40525cb89317ee92694790ddf948a11aa718d793175,b72ad8b43e1f8f9f3be1155f99eda4ba4733b8e1fdc2e7b9d36cb178a4fe3a0a,True,True
DVS Gesture,8119,pre_threshold__floor,104,0.5288461538461539,0.5288461538461539,0.5288461538461539,18c28887b38769d6919fa40525cb89317ee92694790ddf948a11aa718d793175,b6c081ebcfded6a2336093e7bd855920feaa78cd4e14838deb7e2aa3296fffd2,True,True
DVS Gesture,8119,reset__fixed__delay_1,104,0.125,0.125,0.125,18c28887b38769d6919fa40525cb89317ee92694790ddf948a11aa718d793175,6a508cf9bfa7cd1f0ee46838b6537cb795cc7596fa2dfd3b1e9fd09b371e1506,True,True
DVS Gesture,8119,reset_to_value,104,0.11538461538461539,0.11538461538461542,0.11538461538461542,18c28887b38769d6919fa40525cb89317ee92694790ddf948a11aa718d793175,e10b59cd16105762f6023d518a31e64b31c26e62e8c97d4b6bdfb403b74ae5e5,True,True
DVS Gesture,8119,reset_to_value__delay_1,104,0.11538461538461539,0.11538461538461542,0.11538461538461542,18c28887b38769d6919fa40525cb89317ee92694790ddf948a11aa718d793175,6f36c87c692d661f252d54b302fa234bf883ae9a33a242aa6dcf0cbb96115491,True,True
DVS Gesture,8119,synaptic_delay_1,104,0.009615384615384616,0.009615384615384581,0.009615384615384581,18c28887b38769d6919fa40525cb89317ee92694790ddf948a11aa718d793175,b72ad8b43e1f8f9f3be1155f99eda4ba4733b8e1fdc2e7b9d36cb178a4fe3a0a,True,True
