sample_index,sample_id,pair_id,seed,variant,device_prediction
0,shd-test-00005,20260916T053659Z_seed2718_unrepaired_0,2718,unrepaired,15
1,shd-test-00011,20260916T053659Z_seed2718_unrepaired_1,2718,unrepaired,15
2,shd-test-00012,20260916T053659Z_seed2718_unrepaired_2,2718,unrepaired,6
3,shd-test-00014,20260916T053659Z_seed2718_unrepaired_3,2718,unrepaired,2
4,shd-test-00019,20260916T053659Z_seed2718_unrepaired_4,2718,unrepaired,15
5,shd-test-00025,20260916T053659Z_seed2718_unrepaired_5,2718,unrepaired,15
6,shd-test-00026,20260916T053659Z_seed2718_unrepaired_6,2718,unrepaired,19
7,shd-test-00030,20260916T053659Z_seed2718_unrepaired_7,2718,unrepaired,6
8,shd-test-00035,20260916T053659Z_seed2718_unrepaired_8,2718,unrepaired,2
9,shd-test-00037,20260916T053659Z_seed2718_unrepaired_9,2718,unrepaired,15
10,shd-test-00041,20260916T053659Z_seed2718_unrepaired_10,2718,unrepaired,2
11,shd-test-00042,20260916T053659Z_seed2718_unrepaired_11,2718,unrepaired,6
12,shd-test-00044,20260916T053659Z_seed2718_unrepaired_12,2718,unrepaired,6
13,shd-test-00045,20260916T053659Z_seed2718_unrepaired_13,2718,unrepaired,2
14,shd-test-00047,20260916T053659Z_seed2718_unrepaired_14,2718,unrepaired,2
15,shd-test-00048,20260916T053659Z_seed2718_unrepaired_15,2718,unrepaired,15
16,shd-test-00049,20260916T053659Z_seed2718_unrepaired_16,2718,unrepaired,6
17,shd-test-00050,20260916T053659Z_seed2718_unrepaired_17,2718,unrepaired,6
18,shd-test-00051,20260916T053659Z_seed2718_unrepaired_18,2718,unrepaired,2
19,shd-test-00054,20260916T053659Z_seed2718_unrepaired_19,2718,unrepaired,2
20,shd-test-00055,20260916T053659Z_seed2718_unrepaired_20,2718,unrepaired,6
21,shd-test-00058,20260916T053659Z_seed2718_unrepaired_21,2718,unrepaired,6
22,shd-test-00059,20260916T053659Z_seed2718_unrepaired_22,2718,unrepaired,2
23,shd-test-00061,20260916T053659Z_seed2718_unrepaired_23,2718,unrepaired,6
24,shd-test-00063,20260916T053659Z_seed2718_unrepaired_24,2718,unrepaired,15
25,shd-test-00065,20260916T053659Z_seed2718_unrepaired_25,2718,unrepaired,18
26,shd-test-00066,20260916T053659Z_seed2718_unrepaired_26,2718,unrepaired,15
27,shd-test-00067,20260916T053659Z_seed2718_unrepaired_27,2718,unrepaired,5
28,shd-test-00071,20260916T053659Z_seed2718_unrepaired_28,2718,unrepaired,15
29,shd-test-00074,20260916T053659Z_seed2718_unrepaired_29,2718,unrepaired,19
30,shd-test-00076,20260916T053659Z_seed2718_unrepaired_30,2718,unrepaired,15
31,shd-test-00084,20260916T053659Z_seed2718_unrepaired_31,2718,unrepaired,6
32,shd-test-00088,20260916T053659Z_seed2718_unrepaired_32,2718,unrepaired,15
33,shd-test-00092,20260916T053659Z_seed2718_unrepaired_33,2718,unrepaired,6
34,shd-test-00093,20260916T053659Z_seed2718_unrepaired_34,2718,unrepaired,2
35,shd-test-00094,20260916T053659Z_seed2718_unrepaired_35,2718,unrepaired,15
36,shd-test-00097,20260916T053659Z_seed2718_unrepaired_36,2718,unrepaired,15
37,shd-test-00102,20260916T053659Z_seed2718_unrepaired_37,2718,unrepaired,15
38,shd-test-00105,20260916T053659Z_seed2718_unrepaired_38,2718,unrepaired,6
39,shd-test-00109,20260916T053659Z_seed2718_unrepaired_39,2718,unrepaired,19
40,shd-test-00116,20260916T053659Z_seed2718_unrepaired_40,2718,unrepaired,6
41,shd-test-00119,20260916T053659Z_seed2718_unrepaired_41,2718,unrepaired,15
42,shd-test-00120,20260916T053659Z_seed2718_unrepaired_42,2718,unrepaired,15
43,shd-test-00121,20260916T053659Z_seed2718_unrepaired_43,2718,unrepaired,6
44,shd-test-00122,20260916T053659Z_seed2718_unrepaired_44,2718,unrepaired,6
45,shd-test-00125,20260916T053659Z_seed2718_unrepaired_45,2718,unrepaired,15
46,shd-test-00131,20260916T053659Z_seed2718_unrepaired_46,2718,unrepaired,14
47,shd-test-00133,20260916T053659Z_seed2718_unrepaired_47,2718,unrepaired,2
48,shd-test-00140,20260916T053659Z_seed2718_unrepaired_48,2718,unrepaired,15
49,shd-test-00142,20260916T053659Z_seed2718_unrepaired_49,2718,unrepaired,6
50,shd-test-00145,20260916T053659Z_seed2718_unrepaired_50,2718,unrepaired,15
51,shd-test-00150,20260916T053659Z_seed2718_unrepaired_51,2718,unrepaired,15
52,shd-test-00151,20260916T053659Z_seed2718_unrepaired_52,2718,unrepaired,15
53,shd-test-00152,20260916T053659Z_seed2718_unrepaired_53,2718,unrepaired,6
54,shd-test-00155,20260916T053659Z_seed2718_unrepaired_54,2718,unrepaired,15
55,shd-test-00156,20260916T053659Z_seed2718_unrepaired_55,2718,unrepaired,6
56,shd-test-00157,20260916T053659Z_seed2718_unrepaired_56,2718,unrepaired,2
57,shd-test-00161,20260916T053659Z_seed2718_unrepaired_57,2718,unrepaired,2
58,shd-test-00162,20260916T053659Z_seed2718_unrepaired_58,2718,unrepaired,2
59,shd-test-00163,20260916T053659Z_seed2718_unrepaired_59,2718,unrepaired,15
60,shd-test-00170,20260916T053659Z_seed2718_unrepaired_60,2718,unrepaired,6
61,shd-test-00173,20260916T053659Z_seed2718_unrepaired_61,2718,unrepaired,6
62,shd-test-00174,20260916T053659Z_seed2718_unrepaired_62,2718,unrepaired,15
63,shd-test-00175,20260916T053659Z_seed2718_unrepaired_63,2718,unrepaired,5
64,shd-test-00179,20260916T053659Z_seed2718_unrepaired_64,2718,unrepaired,6
65,shd-test-00181,20260916T053659Z_seed2718_unrepaired_65,2718,unrepaired,5
66,shd-test-00182,20260916T053659Z_seed2718_unrepaired_66,2718,unrepaired,5
67,shd-test-00184,20260916T053659Z_seed2718_unrepaired_67,2718,unrepaired,15
68,shd-test-00185,20260916T053659Z_seed2718_unrepaired_68,2718,unrepaired,15
69,shd-test-00187,20260916T053659Z_seed2718_unrepaired_69,2718,unrepaired,2
70,shd-test-00188,20260916T053659Z_seed2718_unrepaired_70,2718,unrepaired,2
71,shd-test-00191,20260916T053659Z_seed2718_unrepaired_71,2718,unrepaired,2
72,shd-test-00192,20260916T053659Z_seed2718_unrepaired_72,2718,unrepaired,6
73,shd-test-00199,20260916T053659Z_seed2718_unrepaired_73,2718,unrepaired,15
74,shd-test-00202,20260916T053659Z_seed2718_unrepaired_74,2718,unrepaired,6
75,shd-test-00203,20260916T053659Z_seed2718_unrepaired_75,2718,unrepaired,19
76,shd-test-00204,20260916T053659Z_seed2718_unrepaired_76,2718,unrepaired,6
77,shd-test-00208,20260916T053659Z_seed2718_unrepaired_77,2718,unrepaired,15
78,shd-test-00211,20260916T053659Z_seed2718_unrepaired_78,2718,unrepaired,6
79,shd-test-00214,20260916T053659Z_seed2718_unrepaired_79,2718,unrepaired,15
80,shd-test-00216,20260916T053659Z_seed2718_unrepaired_80,2718,unrepaired,6
81,shd-test-00219,20260916T053659Z_seed2718_unrepaired_81,2718,unrepaired,2
82,shd-test-00220,20260916T053659Z_seed2718_unrepaired_82,2718,unrepaired,15
83,shd-test-00225,20260916T053659Z_seed2718_unrepaired_83,2718,unrepaired,2
84,shd-test-00228,20260916T053659Z_seed2718_unrepaired_84,2718,unrepaired,15
85,shd-test-00230,20260916T053659Z_seed2718_unrepaired_85,2718,unrepaired,15
86,shd-test-00231,20260916T053659Z_seed2718_unrepaired_86,2718,unrepaired,15
87,shd-test-00234,20260916T053659Z_seed2718_unrepaired_87,2718,unrepaired,14
88,shd-test-00241,20260916T053659Z_seed2718_unrepaired_88,2718,unrepaired,6
89,shd-test-00242,20260916T053659Z_seed2718_unrepaired_89,2718,unrepaired,6
90,shd-test-00243,20260916T053659Z_seed2718_unrepaired_90,2718,unrepaired,6
91,shd-test-00248,20260916T053659Z_seed2718_unrepaired_91,2718,unrepaired,15
92,shd-test-00249,20260916T053659Z_seed2718_unrepaired_92,2718,unrepaired,15
93,shd-test-00254,20260916T053659Z_seed2718_unrepaired_93,2718,unrepaired,6
94,shd-test-00259,20260916T053659Z_seed2718_unrepaired_94,2718,unrepaired,6
95,shd-test-00264,20260916T053659Z_seed2718_unrepaired_95,2718,unrepaired,15
96,shd-test-00266,20260916T053659Z_seed2718_unrepaired_96,2718,unrepaired,15
97,shd-test-00268,20260916T053659Z_seed2718_unrepaired_97,2718,unrepaired,6
98,shd-test-00270,20260916T053659Z_seed2718_unrepaired_98,2718,unrepaired,15
99,shd-test-00271,20260916T053659Z_seed2718_unrepaired_99,2718,unrepaired,15
100,shd-test-00275,20260916T053659Z_seed2718_unrepaired_100,2718,unrepaired,15
101,shd-test-00278,20260916T053659Z_seed2718_unrepaired_101,2718,unrepaired,15
102,shd-test-00284,20260916T053659Z_seed2718_unrepaired_102,2718,unrepaired,15
103,shd-test-00286,20260916T053659Z_seed2718_unrepaired_103,2718,unrepaired,2
104,shd-test-00287,20260916T053659Z_seed2718_unrepaired_104,2718,unrepaired,6
105,shd-test-00294,20260916T053659Z_seed2718_unrepaired_105,2718,unrepaired,15
106,shd-test-00295,20260916T053659Z_seed2718_unrepaired_106,2718,unrepaired,6
107,shd-test-00298,20260916T053659Z_seed2718_unrepaired_107,2718,unrepaired,10
108,shd-test-00301,20260916T053659Z_seed2718_unrepaired_108,2718,unrepaired,6
109,shd-test-00302,20260916T053659Z_seed2718_unrepaired_109,2718,unrepaired,15
110,shd-test-00305,20260916T053659Z_seed2718_unrepaired_110,2718,unrepaired,2
111,shd-test-00308,20260916T053659Z_seed2718_unrepaired_111,2718,unrepaired,6
112,shd-test-00310,20260916T053659Z_seed2718_unrepaired_112,2718,unrepaired,18
113,shd-test-00314,20260916T053659Z_seed2718_unrepaired_113,2718,unrepaired,15
114,shd-test-00315,20260916T053659Z_seed2718_unrepaired_114,2718,unrepaired,15
115,shd-test-00327,20260916T053659Z_seed2718_unrepaired_115,2718,unrepaired,6
116,shd-test-00332,20260916T053659Z_seed2718_unrepaired_116,2718,unrepaired,6
117,shd-test-00334,20260916T053659Z_seed2718_unrepaired_117,2718,unrepaired,2
118,shd-test-00335,20260916T053659Z_seed2718_unrepaired_118,2718,unrepaired,15
119,shd-test-00337,20260916T053659Z_seed2718_unrepaired_119,2718,unrepaired,15
120,shd-test-00340,20260916T053659Z_seed2718_unrepaired_120,2718,unrepaired,2
121,shd-test-00342,20260916T053659Z_seed2718_unrepaired_121,2718,unrepaired,19
122,shd-test-00345,20260916T053659Z_seed2718_unrepaired_122,2718,unrepaired,15
123,shd-test-00351,20260916T053659Z_seed2718_unrepaired_123,2718,unrepaired,15
124,shd-test-00354,20260916T053659Z_seed2718_unrepaired_124,2718,unrepaired,6
125,shd-test-00356,20260916T053659Z_seed2718_unrepaired_125,2718,unrepaired,6
126,shd-test-00358,20260916T053659Z_seed2718_unrepaired_126,2718,unrepaired,2
127,shd-test-00359,20260916T053659Z_seed2718_unrepaired_127,2718,unrepaired,2
128,shd-test-00360,20260916T053659Z_seed2718_unrepaired_128,2718,unrepaired,15
129,shd-test-00361,20260916T053659Z_seed2718_unrepaired_129,2718,unrepaired,14
130,shd-test-00364,20260916T053659Z_seed2718_unrepaired_130,2718,unrepaired,6
131,shd-test-00366,20260916T053659Z_seed2718_unrepaired_131,2718,unrepaired,2
132,shd-test-00368,20260916T053659Z_seed2718_unrepaired_132,2718,unrepaired,4
133,shd-test-00369,20260916T053659Z_seed2718_unrepaired_133,2718,unrepaired,15
134,shd-test-00374,20260916T053659Z_seed2718_unrepaired_134,2718,unrepaired,6
135,shd-test-00377,20260916T053659Z_seed2718_unrepaired_135,2718,unrepaired,15
136,shd-test-00378,20260916T053659Z_seed2718_unrepaired_136,2718,unrepaired,2
137,shd-test-00379,20260916T053659Z_seed2718_unrepaired_137,2718,unrepaired,15
138,shd-test-00382,20260916T053659Z_seed2718_unrepaired_138,2718,unrepaired,15
139,shd-test-00389,20260916T053659Z_seed2718_unrepaired_139,2718,unrepaired,6
140,shd-test-00392,20260916T053659Z_seed2718_unrepaired_140,2718,unrepaired,2
141,shd-test-00395,20260916T053659Z_seed2718_unrepaired_141,2718,unrepaired,6
142,shd-test-00397,20260916T053659Z_seed2718_unrepaired_142,2718,unrepaired,6
143,shd-test-00399,20260916T053659Z_seed2718_unrepaired_143,2718,unrepaired,15
144,shd-test-00405,20260916T053659Z_seed2718_unrepaired_144,2718,unrepaired,15
145,shd-test-00409,20260916T053659Z_seed2718_unrepaired_145,2718,unrepaired,2
146,shd-test-00413,20260916T053659Z_seed2718_unrepaired_146,2718,unrepaired,15
147,shd-test-00423,20260916T053659Z_seed2718_unrepaired_147,2718,unrepaired,2
148,shd-test-00427,20260916T053659Z_seed2718_unrepaired_148,2718,unrepaired,15
149,shd-test-00429,20260916T053659Z_seed2718_unrepaired_149,2718,unrepaired,6
150,shd-test-00433,20260916T053659Z_seed2718_unrepaired_150,2718,unrepaired,6
151,shd-test-00438,20260916T053659Z_seed2718_unrepaired_151,2718,unrepaired,6
152,shd-test-00439,20260916T053659Z_seed2718_unrepaired_152,2718,unrepaired,15
153,shd-test-00440,20260916T053659Z_seed2718_unrepaired_153,2718,unrepaired,6
154,shd-test-00441,20260916T053659Z_seed2718_unrepaired_154,2718,unrepaired,5
155,shd-test-00443,20260916T053659Z_seed2718_unrepaired_155,2718,unrepaired,15
156,shd-test-00454,20260916T053659Z_seed2718_unrepaired_156,2718,unrepaired,6
157,shd-test-00455,20260916T053659Z_seed2718_unrepaired_157,2718,unrepaired,15
158,shd-test-00457,20260916T053659Z_seed2718_unrepaired_158,2718,unrepaired,15
159,shd-test-00458,20260916T053659Z_seed2718_unrepaired_159,2718,unrepaired,2
160,shd-test-00460,20260916T053659Z_seed2718_unrepaired_160,2718,unrepaired,15
161,shd-test-00466,20260916T053659Z_seed2718_unrepaired_161,2718,unrepaired,6
162,shd-test-00468,20260916T053659Z_seed2718_unrepaired_162,2718,unrepaired,6
163,shd-test-00469,20260916T053659Z_seed2718_unrepaired_163,2718,unrepaired,10
164,shd-test-00471,20260916T053659Z_seed2718_unrepaired_164,2718,unrepaired,6
165,shd-test-00473,20260916T053659Z_seed2718_unrepaired_165,2718,unrepaired,15
166,shd-test-00475,20260916T053659Z_seed2718_unrepaired_166,2718,unrepaired,2
167,shd-test-00477,20260916T053659Z_seed2718_unrepaired_167,2718,unrepaired,2
168,shd-test-00478,20260916T053659Z_seed2718_unrepaired_168,2718,unrepaired,6
169,shd-test-00480,20260916T053659Z_seed2718_unrepaired_169,2718,unrepaired,15
170,shd-test-00481,20260916T053659Z_seed2718_unrepaired_170,2718,unrepaired,6
171,shd-test-00482,20260916T053659Z_seed2718_unrepaired_171,2718,unrepaired,2
172,shd-test-00484,20260916T053659Z_seed2718_unrepaired_172,2718,unrepaired,2
173,shd-test-00487,20260916T053659Z_seed2718_unrepaired_173,2718,unrepaired,19
174,shd-test-00489,20260916T053659Z_seed2718_unrepaired_174,2718,unrepaired,6
175,shd-test-00492,20260916T053659Z_seed2718_unrepaired_175,2718,unrepaired,2
176,shd-test-00493,20260916T053659Z_seed2718_unrepaired_176,2718,unrepaired,15
177,shd-test-00500,20260916T053659Z_seed2718_unrepaired_177,2718,unrepaired,18
178,shd-test-00501,20260916T053659Z_seed2718_unrepaired_178,2718,unrepaired,4
179,shd-test-00504,20260916T053659Z_seed2718_unrepaired_179,2718,unrepaired,6
180,shd-test-00505,20260916T053659Z_seed2718_unrepaired_180,2718,unrepaired,5
181,shd-test-00510,20260916T053659Z_seed2718_unrepaired_181,2718,unrepaired,15
182,shd-test-00511,20260916T053659Z_seed2718_unrepaired_182,2718,unrepaired,15
183,shd-test-00513,20260916T053659Z_seed2718_unrepaired_183,2718,unrepaired,10
184,shd-test-00515,20260916T053659Z_seed2718_unrepaired_184,2718,unrepaired,6
185,shd-test-00517,20260916T053659Z_seed2718_unrepaired_185,2718,unrepaired,4
186,shd-test-00521,20260916T053659Z_seed2718_unrepaired_186,2718,unrepaired,2
187,shd-test-00522,20260916T053659Z_seed2718_unrepaired_187,2718,unrepaired,2
188,shd-test-00523,20260916T053659Z_seed2718_unrepaired_188,2718,unrepaired,15
189,shd-test-00526,20260916T053659Z_seed2718_unrepaired_189,2718,unrepaired,2
190,shd-test-00528,20260916T053659Z_seed2718_unrepaired_190,2718,unrepaired,15
191,shd-test-00531,20260916T053659Z_seed2718_unrepaired_191,2718,unrepaired,15
192,shd-test-00532,20260916T053659Z_seed2718_unrepaired_192,2718,unrepaired,14
193,shd-test-00533,20260916T053659Z_seed2718_unrepaired_193,2718,unrepaired,15
194,shd-test-00534,20260916T053659Z_seed2718_unrepaired_194,2718,unrepaired,15
195,shd-test-00538,20260916T053659Z_seed2718_unrepaired_195,2718,unrepaired,4
196,shd-test-00550,20260916T053659Z_seed2718_unrepaired_196,2718,unrepaired,2
197,shd-test-00551,20260916T053659Z_seed2718_unrepaired_197,2718,unrepaired,2
198,shd-test-00557,20260916T053659Z_seed2718_unrepaired_198,2718,unrepaired,2
199,shd-test-00558,20260916T053659Z_seed2718_unrepaired_199,2718,unrepaired,2
200,shd-test-00559,20260916T053659Z_seed2718_unrepaired_200,2718,unrepaired,15
201,shd-test-00564,20260916T053659Z_seed2718_unrepaired_201,2718,unrepaired,6
202,shd-test-00571,20260916T053659Z_seed2718_unrepaired_202,2718,unrepaired,15
203,shd-test-00573,20260916T053659Z_seed2718_unrepaired_203,2718,unrepaired,15
204,shd-test-00575,20260916T053659Z_seed2718_unrepaired_204,2718,unrepaired,15
205,shd-test-00578,20260916T053659Z_seed2718_unrepaired_205,2718,unrepaired,6
206,shd-test-00583,20260916T053659Z_seed2718_unrepaired_206,2718,unrepaired,15
207,shd-test-00584,20260916T053659Z_seed2718_unrepaired_207,2718,unrepaired,6
208,shd-test-00586,20260916T053659Z_seed2718_unrepaired_208,2718,unrepaired,15
209,shd-test-00587,20260916T053659Z_seed2718_unrepaired_209,2718,unrepaired,15
210,shd-test-00589,20260916T053659Z_seed2718_unrepaired_210,2718,unrepaired,6
211,shd-test-00590,20260916T053659Z_seed2718_unrepaired_211,2718,unrepaired,6
212,shd-test-00591,20260916T053659Z_seed2718_unrepaired_212,2718,unrepaired,6
213,shd-test-00592,20260916T053659Z_seed2718_unrepaired_213,2718,unrepaired,15
214,shd-test-00593,20260916T053659Z_seed2718_unrepaired_214,2718,unrepaired,5
215,shd-test-00597,20260916T053659Z_seed2718_unrepaired_215,2718,unrepaired,15
216,shd-test-00599,20260916T053659Z_seed2718_unrepaired_216,2718,unrepaired,6
217,shd-test-00603,20260916T053659Z_seed2718_unrepaired_217,2718,unrepaired,6
218,shd-test-00605,20260916T053659Z_seed2718_unrepaired_218,2718,unrepaired,10
219,shd-test-00606,20260916T053659Z_seed2718_unrepaired_219,2718,unrepaired,15
220,shd-test-00609,20260916T053659Z_seed2718_unrepaired_220,2718,unrepaired,18
221,shd-test-00619,20260916T053659Z_seed2718_unrepaired_221,2718,unrepaired,2
222,shd-test-00623,20260916T053659Z_seed2718_unrepaired_222,2718,unrepaired,15
223,shd-test-00624,20260916T053659Z_seed2718_unrepaired_223,2718,unrepaired,15
224,shd-test-00626,20260916T053659Z_seed2718_unrepaired_224,2718,unrepaired,4
225,shd-test-00627,20260916T053659Z_seed2718_unrepaired_225,2718,unrepaired,15
226,shd-test-00628,20260916T053659Z_seed2718_unrepaired_226,2718,unrepaired,6
227,shd-test-00629,20260916T053659Z_seed2718_unrepaired_227,2718,unrepaired,15
228,shd-test-00630,20260916T053659Z_seed2718_unrepaired_228,2718,unrepaired,14
229,shd-test-00633,20260916T053659Z_seed2718_unrepaired_229,2718,unrepaired,2
230,shd-test-00634,20260916T053659Z_seed2718_unrepaired_230,2718,unrepaired,6
231,shd-test-00637,20260916T053659Z_seed2718_unrepaired_231,2718,unrepaired,15
232,shd-test-00642,20260916T053659Z_seed2718_unrepaired_232,2718,unrepaired,15
233,shd-test-00643,20260916T053659Z_seed2718_unrepaired_233,2718,unrepaired,6
234,shd-test-00645,20260916T053659Z_seed2718_unrepaired_234,2718,unrepaired,15
235,shd-test-00646,20260916T053659Z_seed2718_unrepaired_235,2718,unrepaired,6
236,shd-test-00649,20260916T053659Z_seed2718_unrepaired_236,2718,unrepaired,15
237,shd-test-00650,20260916T053659Z_seed2718_unrepaired_237,2718,unrepaired,15
238,shd-test-00656,20260916T053659Z_seed2718_unrepaired_238,2718,unrepaired,2
239,shd-test-00657,20260916T053659Z_seed2718_unrepaired_239,2718,unrepaired,6
240,shd-test-00658,20260916T053659Z_seed2718_unrepaired_240,2718,unrepaired,19
241,shd-test-00660,20260916T053659Z_seed2718_unrepaired_241,2718,unrepaired,6
242,shd-test-00661,20260916T053659Z_seed2718_unrepaired_242,2718,unrepaired,6
243,shd-test-00662,20260916T053659Z_seed2718_unrepaired_243,2718,unrepaired,6
244,shd-test-00663,20260916T053659Z_seed2718_unrepaired_244,2718,unrepaired,15
245,shd-test-00664,20260916T053659Z_seed2718_unrepaired_245,2718,unrepaired,15
246,shd-test-00666,20260916T053659Z_seed2718_unrepaired_246,2718,unrepaired,6
247,shd-test-00667,20260916T053659Z_seed2718_unrepaired_247,2718,unrepaired,6
248,shd-test-00668,20260916T053659Z_seed2718_unrepaired_248,2718,unrepaired,4
249,shd-test-00670,20260916T053659Z_seed2718_unrepaired_249,2718,unrepaired,15
250,shd-test-00671,20260916T053659Z_seed2718_unrepaired_250,2718,unrepaired,2
251,shd-test-00673,20260916T053659Z_seed2718_unrepaired_251,2718,unrepaired,5
252,shd-test-00674,20260916T053659Z_seed2718_unrepaired_252,2718,unrepaired,2
253,shd-test-00675,20260916T053659Z_seed2718_unrepaired_253,2718,unrepaired,15
254,shd-test-00682,20260916T053659Z_seed2718_unrepaired_254,2718,unrepaired,14
255,shd-test-00684,20260916T053659Z_seed2718_unrepaired_255,2718,unrepaired,6
256,shd-test-00689,20260916T053659Z_seed2718_unrepaired_256,2718,unrepaired,14
257,shd-test-00692,20260916T053659Z_seed2718_unrepaired_257,2718,unrepaired,18
258,shd-test-00698,20260916T053659Z_seed2718_unrepaired_258,2718,unrepaired,15
259,shd-test-00699,20260916T053659Z_seed2718_unrepaired_259,2718,unrepaired,6
260,shd-test-00709,20260916T053659Z_seed2718_unrepaired_260,2718,unrepaired,15
261,shd-test-00715,20260916T053659Z_seed2718_unrepaired_261,2718,unrepaired,6
262,shd-test-00717,20260916T053659Z_seed2718_unrepaired_262,2718,unrepaired,2
263,shd-test-00722,20260916T053659Z_seed2718_unrepaired_263,2718,unrepaired,6
264,shd-test-00723,20260916T053659Z_seed2718_unrepaired_264,2718,unrepaired,10
265,shd-test-00728,20260916T053659Z_seed2718_unrepaired_265,2718,unrepaired,14
266,shd-test-00730,20260916T053659Z_seed2718_unrepaired_266,2718,unrepaired,19
267,shd-test-00737,20260916T053659Z_seed2718_unrepaired_267,2718,unrepaired,6
268,shd-test-00738,20260916T053659Z_seed2718_unrepaired_268,2718,unrepaired,2
269,shd-test-00744,20260916T053659Z_seed2718_unrepaired_269,2718,unrepaired,2
270,shd-test-00745,20260916T053659Z_seed2718_unrepaired_270,2718,unrepaired,2
271,shd-test-00755,20260916T053659Z_seed2718_unrepaired_271,2718,unrepaired,15
272,shd-test-00758,20260916T053659Z_seed2718_unrepaired_272,2718,unrepaired,2
273,shd-test-00760,20260916T053659Z_seed2718_unrepaired_273,2718,unrepaired,15
274,shd-test-00761,20260916T053659Z_seed2718_unrepaired_274,2718,unrepaired,2
275,shd-test-00765,20260916T053659Z_seed2718_unrepaired_275,2718,unrepaired,15
276,shd-test-00766,20260916T053659Z_seed2718_unrepaired_276,2718,unrepaired,15
277,shd-test-00770,20260916T053659Z_seed2718_unrepaired_277,2718,unrepaired,15
278,shd-test-00771,20260916T053659Z_seed2718_unrepaired_278,2718,unrepaired,15
279,shd-test-00774,20260916T053659Z_seed2718_unrepaired_279,2718,unrepaired,2
280,shd-test-00776,20260916T053659Z_seed2718_unrepaired_280,2718,unrepaired,6
281,shd-test-00778,20260916T053659Z_seed2718_unrepaired_281,2718,unrepaired,15
282,shd-test-00779,20260916T053659Z_seed2718_unrepaired_282,2718,unrepaired,6
283,shd-test-00784,20260916T053659Z_seed2718_unrepaired_283,2718,unrepaired,6
284,shd-test-00786,20260916T053659Z_seed2718_unrepaired_284,2718,unrepaired,2
285,shd-test-00787,20260916T053659Z_seed2718_unrepaired_285,2718,unrepaired,15
286,shd-test-00790,20260916T053659Z_seed2718_unrepaired_286,2718,unrepaired,15
287,shd-test-00792,20260916T053659Z_seed2718_unrepaired_287,2718,unrepaired,6
288,shd-test-00793,20260916T053659Z_seed2718_unrepaired_288,2718,unrepaired,6
289,shd-test-00794,20260916T053659Z_seed2718_unrepaired_289,2718,unrepaired,15
290,shd-test-00796,20260916T053659Z_seed2718_unrepaired_290,2718,unrepaired,15
291,shd-test-00798,20260916T053659Z_seed2718_unrepaired_291,2718,unrepaired,6
292,shd-test-00802,20260916T053659Z_seed2718_unrepaired_292,2718,unrepaired,6
293,shd-test-00803,20260916T053659Z_seed2718_unrepaired_293,2718,unrepaired,15
294,shd-test-00804,20260916T053659Z_seed2718_unrepaired_294,2718,unrepaired,1
295,shd-test-00806,20260916T053659Z_seed2718_unrepaired_295,2718,unrepaired,15
296,shd-test-00807,20260916T053659Z_seed2718_unrepaired_296,2718,unrepaired,15
297,shd-test-00809,20260916T053659Z_seed2718_unrepaired_297,2718,unrepaired,15
298,shd-test-00810,20260916T053659Z_seed2718_unrepaired_298,2718,unrepaired,15
299,shd-test-00812,20260916T053659Z_seed2718_unrepaired_299,2718,unrepaired,6
300,shd-test-00816,20260916T053659Z_seed2718_unrepaired_300,2718,unrepaired,10
301,shd-test-00818,20260916T053659Z_seed2718_unrepaired_301,2718,unrepaired,4
302,shd-test-00823,20260916T053659Z_seed2718_unrepaired_302,2718,unrepaired,6
303,shd-test-00828,20260916T053659Z_seed2718_unrepaired_303,2718,unrepaired,6
304,shd-test-00831,20260916T053659Z_seed2718_unrepaired_304,2718,unrepaired,15
305,shd-test-00832,20260916T053659Z_seed2718_unrepaired_305,2718,unrepaired,2
306,shd-test-00834,20260916T053659Z_seed2718_unrepaired_306,2718,unrepaired,6
307,shd-test-00835,20260916T053659Z_seed2718_unrepaired_307,2718,unrepaired,2
308,shd-test-00836,20260916T053659Z_seed2718_unrepaired_308,2718,unrepaired,15
309,shd-test-00839,20260916T053659Z_seed2718_unrepaired_309,2718,unrepaired,15
310,shd-test-00841,20260916T053659Z_seed2718_unrepaired_310,2718,unrepaired,2
311,shd-test-00842,20260916T053659Z_seed2718_unrepaired_311,2718,unrepaired,15
312,shd-test-00846,20260916T053659Z_seed2718_unrepaired_312,2718,unrepaired,15
313,shd-test-00848,20260916T053659Z_seed2718_unrepaired_313,2718,unrepaired,6
314,shd-test-00852,20260916T053659Z_seed2718_unrepaired_314,2718,unrepaired,2
315,shd-test-00855,20260916T053659Z_seed2718_unrepaired_315,2718,unrepaired,15
316,shd-test-00857,20260916T053659Z_seed2718_unrepaired_316,2718,unrepaired,6
317,shd-test-00858,20260916T053659Z_seed2718_unrepaired_317,2718,unrepaired,15
318,shd-test-00859,20260916T053659Z_seed2718_unrepaired_318,2718,unrepaired,15
319,shd-test-00862,20260916T053659Z_seed2718_unrepaired_319,2718,unrepaired,15
320,shd-test-00864,20260916T053659Z_seed2718_unrepaired_320,2718,unrepaired,6
321,shd-test-00869,20260916T053659Z_seed2718_unrepaired_321,2718,unrepaired,15
322,shd-test-00872,20260916T053659Z_seed2718_unrepaired_322,2718,unrepaired,15
323,shd-test-00875,20260916T053659Z_seed2718_unrepaired_323,2718,unrepaired,18
324,shd-test-00876,20260916T053659Z_seed2718_unrepaired_324,2718,unrepaired,6
325,shd-test-00880,20260916T053659Z_seed2718_unrepaired_325,2718,unrepaired,2
326,shd-test-00881,20260916T053659Z_seed2718_unrepaired_326,2718,unrepaired,2
327,shd-test-00882,20260916T053659Z_seed2718_unrepaired_327,2718,unrepaired,6
328,shd-test-00883,20260916T053659Z_seed2718_unrepaired_328,2718,unrepaired,2
329,shd-test-00890,20260916T053659Z_seed2718_unrepaired_329,2718,unrepaired,4
330,shd-test-00895,20260916T053659Z_seed2718_unrepaired_330,2718,unrepaired,18
331,shd-test-00896,20260916T053659Z_seed2718_unrepaired_331,2718,unrepaired,4
332,shd-test-00898,20260916T053659Z_seed2718_unrepaired_332,2718,unrepaired,15
333,shd-test-00905,20260916T053659Z_seed2718_unrepaired_333,2718,unrepaired,15
334,shd-test-00906,20260916T053659Z_seed2718_unrepaired_334,2718,unrepaired,4
335,shd-test-00910,20260916T053659Z_seed2718_unrepaired_335,2718,unrepaired,2
336,shd-test-00916,20260916T053659Z_seed2718_unrepaired_336,2718,unrepaired,15
337,shd-test-00921,20260916T053659Z_seed2718_unrepaired_337,2718,unrepaired,6
338,shd-test-00922,20260916T053659Z_seed2718_unrepaired_338,2718,unrepaired,15
339,shd-test-00924,20260916T053659Z_seed2718_unrepaired_339,2718,unrepaired,6
340,shd-test-00925,20260916T053659Z_seed2718_unrepaired_340,2718,unrepaired,15
341,shd-test-00929,20260916T053659Z_seed2718_unrepaired_341,2718,unrepaired,19
342,shd-test-00931,20260916T053659Z_seed2718_unrepaired_342,2718,unrepaired,6
343,shd-test-00933,20260916T053659Z_seed2718_unrepaired_343,2718,unrepaired,6
344,shd-test-00934,20260916T053659Z_seed2718_unrepaired_344,2718,unrepaired,18
345,shd-test-00936,20260916T053659Z_seed2718_unrepaired_345,2718,unrepaired,15
346,shd-test-00938,20260916T053659Z_seed2718_unrepaired_346,2718,unrepaired,6
347,shd-test-00945,20260916T053659Z_seed2718_unrepaired_347,2718,unrepaired,6
348,shd-test-00948,20260916T053659Z_seed2718_unrepaired_348,2718,unrepaired,6
349,shd-test-00949,20260916T053659Z_seed2718_unrepaired_349,2718,unrepaired,19
350,shd-test-00957,20260916T053659Z_seed2718_unrepaired_350,2718,unrepaired,6
351,shd-test-00958,20260916T053659Z_seed2718_unrepaired_351,2718,unrepaired,15
352,shd-test-00960,20260916T053659Z_seed2718_unrepaired_352,2718,unrepaired,2
353,shd-test-00963,20260916T053659Z_seed2718_unrepaired_353,2718,unrepaired,14
354,shd-test-00964,20260916T053659Z_seed2718_unrepaired_354,2718,unrepaired,2
355,shd-test-00967,20260916T053659Z_seed2718_unrepaired_355,2718,unrepaired,6
356,shd-test-00968,20260916T053659Z_seed2718_unrepaired_356,2718,unrepaired,15
357,shd-test-00972,20260916T053659Z_seed2718_unrepaired_357,2718,unrepaired,6
358,shd-test-00976,20260916T053659Z_seed2718_unrepaired_358,2718,unrepaired,6
359,shd-test-00977,20260916T053659Z_seed2718_unrepaired_359,2718,unrepaired,2
360,shd-test-00981,20260916T053659Z_seed2718_unrepaired_360,2718,unrepaired,10
361,shd-test-00982,20260916T053659Z_seed2718_unrepaired_361,2718,unrepaired,15
362,shd-test-00986,20260916T053659Z_seed2718_unrepaired_362,2718,unrepaired,5
363,shd-test-00987,20260916T053659Z_seed2718_unrepaired_363,2718,unrepaired,15
364,shd-test-00988,20260916T053659Z_seed2718_unrepaired_364,2718,unrepaired,15
365,shd-test-00990,20260916T053659Z_seed2718_unrepaired_365,2718,unrepaired,2
366,shd-test-01001,20260916T053659Z_seed2718_unrepaired_366,2718,unrepaired,15
367,shd-test-01005,20260916T053659Z_seed2718_unrepaired_367,2718,unrepaired,6
368,shd-test-01008,20260916T053659Z_seed2718_unrepaired_368,2718,unrepaired,2
369,shd-test-01010,20260916T053659Z_seed2718_unrepaired_369,2718,unrepaired,19
370,shd-test-01011,20260916T053659Z_seed2718_unrepaired_370,2718,unrepaired,6
371,shd-test-01014,20260916T053659Z_seed2718_unrepaired_371,2718,unrepaired,15
372,shd-test-01018,20260916T053659Z_seed2718_unrepaired_372,2718,unrepaired,15
373,shd-test-01022,20260916T053659Z_seed2718_unrepaired_373,2718,unrepaired,14
374,shd-test-01029,20260916T053659Z_seed2718_unrepaired_374,2718,unrepaired,15
375,shd-test-01030,20260916T053659Z_seed2718_unrepaired_375,2718,unrepaired,2
376,shd-test-01037,20260916T053659Z_seed2718_unrepaired_376,2718,unrepaired,15
377,shd-test-01039,20260916T053659Z_seed2718_unrepaired_377,2718,unrepaired,6
378,shd-test-01042,20260916T053659Z_seed2718_unrepaired_378,2718,unrepaired,6
379,shd-test-01045,20260916T053659Z_seed2718_unrepaired_379,2718,unrepaired,6
380,shd-test-01047,20260916T053659Z_seed2718_unrepaired_380,2718,unrepaired,18
381,shd-test-01048,20260916T053659Z_seed2718_unrepaired_381,2718,unrepaired,15
382,shd-test-01053,20260916T053659Z_seed2718_unrepaired_382,2718,unrepaired,6
383,shd-test-01059,20260916T053659Z_seed2718_unrepaired_383,2718,unrepaired,15
384,shd-test-01060,20260916T053659Z_seed2718_unrepaired_384,2718,unrepaired,15
385,shd-test-01061,20260916T053659Z_seed2718_unrepaired_385,2718,unrepaired,6
386,shd-test-01066,20260916T053659Z_seed2718_unrepaired_386,2718,unrepaired,15
387,shd-test-01068,20260916T053659Z_seed2718_unrepaired_387,2718,unrepaired,14
388,shd-test-01069,20260916T053659Z_seed2718_unrepaired_388,2718,unrepaired,2
389,shd-test-01070,20260916T053659Z_seed2718_unrepaired_389,2718,unrepaired,15
390,shd-test-01071,20260916T053659Z_seed2718_unrepaired_390,2718,unrepaired,2
391,shd-test-01075,20260916T053659Z_seed2718_unrepaired_391,2718,unrepaired,15
392,shd-test-01076,20260916T053659Z_seed2718_unrepaired_392,2718,unrepaired,15
393,shd-test-01080,20260916T053659Z_seed2718_unrepaired_393,2718,unrepaired,15
394,shd-test-01081,20260916T053659Z_seed2718_unrepaired_394,2718,unrepaired,2
395,shd-test-01083,20260916T053659Z_seed2718_unrepaired_395,2718,unrepaired,15
396,shd-test-01084,20260916T053659Z_seed2718_unrepaired_396,2718,unrepaired,2
397,shd-test-01089,20260916T053659Z_seed2718_unrepaired_397,2718,unrepaired,6
398,shd-test-01090,20260916T053659Z_seed2718_unrepaired_398,2718,unrepaired,6
399,shd-test-01092,20260916T053659Z_seed2718_unrepaired_399,2718,unrepaired,4
400,shd-test-01094,20260916T053659Z_seed2718_unrepaired_400,2718,unrepaired,6
401,shd-test-01095,20260916T053659Z_seed2718_unrepaired_401,2718,unrepaired,6
402,shd-test-01101,20260916T053659Z_seed2718_unrepaired_402,2718,unrepaired,2
403,shd-test-01103,20260916T053659Z_seed2718_unrepaired_403,2718,unrepaired,2
404,shd-test-01105,20260916T053659Z_seed2718_unrepaired_404,2718,unrepaired,19
405,shd-test-01108,20260916T053659Z_seed2718_unrepaired_405,2718,unrepaired,15
406,shd-test-01109,20260916T053659Z_seed2718_unrepaired_406,2718,unrepaired,15
407,shd-test-01111,20260916T053659Z_seed2718_unrepaired_407,2718,unrepaired,6
408,shd-test-01113,20260916T053659Z_seed2718_unrepaired_408,2718,unrepaired,5
409,shd-test-01115,20260916T053659Z_seed2718_unrepaired_409,2718,unrepaired,15
410,shd-test-01119,20260916T053659Z_seed2718_unrepaired_410,2718,unrepaired,15
411,shd-test-01120,20260916T053659Z_seed2718_unrepaired_411,2718,unrepaired,6
412,shd-test-01121,20260916T053659Z_seed2718_unrepaired_412,2718,unrepaired,10
413,shd-test-01122,20260916T053659Z_seed2718_unrepaired_413,2718,unrepaired,6
414,shd-test-01123,20260916T053659Z_seed2718_unrepaired_414,2718,unrepaired,6
415,shd-test-01124,20260916T053659Z_seed2718_unrepaired_415,2718,unrepaired,10
416,shd-test-01127,20260916T053659Z_seed2718_unrepaired_416,2718,unrepaired,4
417,shd-test-01130,20260916T053659Z_seed2718_unrepaired_417,2718,unrepaired,6
418,shd-test-01131,20260916T053659Z_seed2718_unrepaired_418,2718,unrepaired,6
419,shd-test-01134,20260916T053659Z_seed2718_unrepaired_419,2718,unrepaired,6
420,shd-test-01139,20260916T053659Z_seed2718_unrepaired_420,2718,unrepaired,15
421,shd-test-01140,20260916T053659Z_seed2718_unrepaired_421,2718,unrepaired,15
422,shd-test-01141,20260916T053659Z_seed2718_unrepaired_422,2718,unrepaired,15
423,shd-test-01142,20260916T053659Z_seed2718_unrepaired_423,2718,unrepaired,4
424,shd-test-01143,20260916T053659Z_seed2718_unrepaired_424,2718,unrepaired,6
425,shd-test-01144,20260916T053659Z_seed2718_unrepaired_425,2718,unrepaired,6
426,shd-test-01147,20260916T053659Z_seed2718_unrepaired_426,2718,unrepaired,2
427,shd-test-01162,20260916T053659Z_seed2718_unrepaired_427,2718,unrepaired,18
428,shd-test-01163,20260916T053659Z_seed2718_unrepaired_428,2718,unrepaired,15
429,shd-test-01164,20260916T053659Z_seed2718_unrepaired_429,2718,unrepaired,6
430,shd-test-01165,20260916T053659Z_seed2718_unrepaired_430,2718,unrepaired,6
431,shd-test-01167,20260916T053659Z_seed2718_unrepaired_431,2718,unrepaired,6
432,shd-test-01168,20260916T053659Z_seed2718_unrepaired_432,2718,unrepaired,6
433,shd-test-01172,20260916T053659Z_seed2718_unrepaired_433,2718,unrepaired,15
434,shd-test-01180,20260916T053659Z_seed2718_unrepaired_434,2718,unrepaired,2
435,shd-test-01181,20260916T053659Z_seed2718_unrepaired_435,2718,unrepaired,2
436,shd-test-01182,20260916T053659Z_seed2718_unrepaired_436,2718,unrepaired,15
437,shd-test-01184,20260916T053659Z_seed2718_unrepaired_437,2718,unrepaired,10
438,shd-test-01185,20260916T053659Z_seed2718_unrepaired_438,2718,unrepaired,18
439,shd-test-01188,20260916T053659Z_seed2718_unrepaired_439,2718,unrepaired,15
440,shd-test-01190,20260916T053659Z_seed2718_unrepaired_440,2718,unrepaired,15
441,shd-test-01191,20260916T053659Z_seed2718_unrepaired_441,2718,unrepaired,15
442,shd-test-01194,20260916T053659Z_seed2718_unrepaired_442,2718,unrepaired,6
443,shd-test-01199,20260916T053659Z_seed2718_unrepaired_443,2718,unrepaired,6
444,shd-test-01200,20260916T053659Z_seed2718_unrepaired_444,2718,unrepaired,2
445,shd-test-01203,20260916T053659Z_seed2718_unrepaired_445,2718,unrepaired,6
446,shd-test-01215,20260916T053659Z_seed2718_unrepaired_446,2718,unrepaired,6
447,shd-test-01217,20260916T053659Z_seed2718_unrepaired_447,2718,unrepaired,2
448,shd-test-01218,20260916T053659Z_seed2718_unrepaired_448,2718,unrepaired,6
449,shd-test-01220,20260916T053659Z_seed2718_unrepaired_449,2718,unrepaired,15
450,shd-test-01224,20260916T053659Z_seed2718_unrepaired_450,2718,unrepaired,15
451,shd-test-01227,20260916T053659Z_seed2718_unrepaired_451,2718,unrepaired,15
452,shd-test-01229,20260916T053659Z_seed2718_unrepaired_452,2718,unrepaired,18
453,shd-test-01237,20260916T053659Z_seed2718_unrepaired_453,2718,unrepaired,2
454,shd-test-01238,20260916T053659Z_seed2718_unrepaired_454,2718,unrepaired,14
455,shd-test-01242,20260916T053659Z_seed2718_unrepaired_455,2718,unrepaired,6
456,shd-test-01244,20260916T053659Z_seed2718_unrepaired_456,2718,unrepaired,15
457,shd-test-01246,20260916T053659Z_seed2718_unrepaired_457,2718,unrepaired,6
458,shd-test-01249,20260916T053659Z_seed2718_unrepaired_458,2718,unrepaired,2
459,shd-test-01251,20260916T053659Z_seed2718_unrepaired_459,2718,unrepaired,6
460,shd-test-01253,20260916T053659Z_seed2718_unrepaired_460,2718,unrepaired,2
461,shd-test-01256,20260916T053659Z_seed2718_unrepaired_461,2718,unrepaired,6
462,shd-test-01258,20260916T053659Z_seed2718_unrepaired_462,2718,unrepaired,2
463,shd-test-01260,20260916T053659Z_seed2718_unrepaired_463,2718,unrepaired,6
464,shd-test-01262,20260916T053659Z_seed2718_unrepaired_464,2718,unrepaired,2
465,shd-test-01263,20260916T053659Z_seed2718_unrepaired_465,2718,unrepaired,15
466,shd-test-01264,20260916T053659Z_seed2718_unrepaired_466,2718,unrepaired,6
467,shd-test-01265,20260916T053659Z_seed2718_unrepaired_467,2718,unrepaired,15
468,shd-test-01266,20260916T053659Z_seed2718_unrepaired_468,2718,unrepaired,15
469,shd-test-01267,20260916T053659Z_seed2718_unrepaired_469,2718,unrepaired,15
470,shd-test-01269,20260916T053659Z_seed2718_unrepaired_470,2718,unrepaired,6
471,shd-test-01270,20260916T053659Z_seed2718_unrepaired_471,2718,unrepaired,15
472,shd-test-01273,20260916T053659Z_seed2718_unrepaired_472,2718,unrepaired,15
473,shd-test-01274,20260916T053659Z_seed2718_unrepaired_473,2718,unrepaired,15
474,shd-test-01278,20260916T053659Z_seed2718_unrepaired_474,2718,unrepaired,2
475,shd-test-01286,20260916T053659Z_seed2718_unrepaired_475,2718,unrepaired,15
476,shd-test-01287,20260916T053659Z_seed2718_unrepaired_476,2718,unrepaired,15
477,shd-test-01288,20260916T053659Z_seed2718_unrepaired_477,2718,unrepaired,2
478,shd-test-01289,20260916T053659Z_seed2718_unrepaired_478,2718,unrepaired,2
479,shd-test-01291,20260916T053659Z_seed2718_unrepaired_479,2718,unrepaired,15
480,shd-test-01293,20260916T053659Z_seed2718_unrepaired_480,2718,unrepaired,2
481,shd-test-01296,20260916T053659Z_seed2718_unrepaired_481,2718,unrepaired,6
482,shd-test-01299,20260916T053659Z_seed2718_unrepaired_482,2718,unrepaired,2
483,shd-test-01303,20260916T053659Z_seed2718_unrepaired_483,2718,unrepaired,15
484,shd-test-01306,20260916T053659Z_seed2718_unrepaired_484,2718,unrepaired,5
485,shd-test-01307,20260916T053659Z_seed2718_unrepaired_485,2718,unrepaired,19
486,shd-test-01309,20260916T053659Z_seed2718_unrepaired_486,2718,unrepaired,15
487,shd-test-01312,20260916T053659Z_seed2718_unrepaired_487,2718,unrepaired,15
488,shd-test-01313,20260916T053659Z_seed2718_unrepaired_488,2718,unrepaired,15
489,shd-test-01314,20260916T053659Z_seed2718_unrepaired_489,2718,unrepaired,6
490,shd-test-01317,20260916T053659Z_seed2718_unrepaired_490,2718,unrepaired,15
491,shd-test-01318,20260916T053659Z_seed2718_unrepaired_491,2718,unrepaired,6
492,shd-test-01319,20260916T053659Z_seed2718_unrepaired_492,2718,unrepaired,5
493,shd-test-01320,20260916T053659Z_seed2718_unrepaired_493,2718,unrepaired,2
494,shd-test-01322,20260916T053659Z_seed2718_unrepaired_494,2718,unrepaired,2
495,shd-test-01323,20260916T053659Z_seed2718_unrepaired_495,2718,unrepaired,6
496,shd-test-01325,20260916T053659Z_seed2718_unrepaired_496,2718,unrepaired,6
497,shd-test-01330,20260916T053659Z_seed2718_unrepaired_497,2718,unrepaired,14
498,shd-test-01331,20260916T053659Z_seed2718_unrepaired_498,2718,unrepaired,6
499,shd-test-01332,20260916T053659Z_seed2718_unrepaired_499,2718,unrepaired,6
500,shd-test-01333,20260916T053659Z_seed2718_unrepaired_500,2718,unrepaired,15
501,shd-test-01338,20260916T053659Z_seed2718_unrepaired_501,2718,unrepaired,6
502,shd-test-01343,20260916T053659Z_seed2718_unrepaired_502,2718,unrepaired,19
503,shd-test-01344,20260916T053659Z_seed2718_unrepaired_503,2718,unrepaired,15
504,shd-test-01345,20260916T053659Z_seed2718_unrepaired_504,2718,unrepaired,6
505,shd-test-01346,20260916T053659Z_seed2718_unrepaired_505,2718,unrepaired,15
506,shd-test-01349,20260916T053659Z_seed2718_unrepaired_506,2718,unrepaired,6
507,shd-test-01351,20260916T053659Z_seed2718_unrepaired_507,2718,unrepaired,2
508,shd-test-01352,20260916T053659Z_seed2718_unrepaired_508,2718,unrepaired,10
509,shd-test-01355,20260916T053659Z_seed2718_unrepaired_509,2718,unrepaired,19
510,shd-test-01356,20260916T053659Z_seed2718_unrepaired_510,2718,unrepaired,2
511,shd-test-01357,20260916T053659Z_seed2718_unrepaired_511,2718,unrepaired,2
512,shd-test-01358,20260916T053659Z_seed2718_unrepaired_512,2718,unrepaired,2
513,shd-test-01360,20260916T053659Z_seed2718_unrepaired_513,2718,unrepaired,15
514,shd-test-01361,20260916T053659Z_seed2718_unrepaired_514,2718,unrepaired,6
515,shd-test-01368,20260916T053659Z_seed2718_unrepaired_515,2718,unrepaired,15
516,shd-test-01371,20260916T053659Z_seed2718_unrepaired_516,2718,unrepaired,15
517,shd-test-01373,20260916T053659Z_seed2718_unrepaired_517,2718,unrepaired,19
518,shd-test-01377,20260916T053659Z_seed2718_unrepaired_518,2718,unrepaired,2
519,shd-test-01379,20260916T053659Z_seed2718_unrepaired_519,2718,unrepaired,15
520,shd-test-01380,20260916T053659Z_seed2718_unrepaired_520,2718,unrepaired,2
521,shd-test-01385,20260916T053659Z_seed2718_unrepaired_521,2718,unrepaired,15
522,shd-test-01387,20260916T053659Z_seed2718_unrepaired_522,2718,unrepaired,2
523,shd-test-01389,20260916T053659Z_seed2718_unrepaired_523,2718,unrepaired,2
524,shd-test-01390,20260916T053659Z_seed2718_unrepaired_524,2718,unrepaired,15
525,shd-test-01395,20260916T053659Z_seed2718_unrepaired_525,2718,unrepaired,15
526,shd-test-01396,20260916T053659Z_seed2718_unrepaired_526,2718,unrepaired,15
527,shd-test-01406,20260916T053659Z_seed2718_unrepaired_527,2718,unrepaired,6
528,shd-test-01408,20260916T053659Z_seed2718_unrepaired_528,2718,unrepaired,6
529,shd-test-01409,20260916T053659Z_seed2718_unrepaired_529,2718,unrepaired,15
530,shd-test-01410,20260916T053659Z_seed2718_unrepaired_530,2718,unrepaired,15
531,shd-test-01412,20260916T053659Z_seed2718_unrepaired_531,2718,unrepaired,6
532,shd-test-01415,20260916T053659Z_seed2718_unrepaired_532,2718,unrepaired,15
533,shd-test-01420,20260916T053659Z_seed2718_unrepaired_533,2718,unrepaired,15
534,shd-test-01422,20260916T053659Z_seed2718_unrepaired_534,2718,unrepaired,15
535,shd-test-01424,20260916T053659Z_seed2718_unrepaired_535,2718,unrepaired,15
536,shd-test-01425,20260916T053659Z_seed2718_unrepaired_536,2718,unrepaired,15
537,shd-test-01427,20260916T053659Z_seed2718_unrepaired_537,2718,unrepaired,15
538,shd-test-01428,20260916T053659Z_seed2718_unrepaired_538,2718,unrepaired,19
539,shd-test-01431,20260916T053659Z_seed2718_unrepaired_539,2718,unrepaired,6
540,shd-test-01432,20260916T053659Z_seed2718_unrepaired_540,2718,unrepaired,18
541,shd-test-01435,20260916T053659Z_seed2718_unrepaired_541,2718,unrepaired,15
542,shd-test-01439,20260916T053659Z_seed2718_unrepaired_542,2718,unrepaired,6
543,shd-test-01442,20260916T053659Z_seed2718_unrepaired_543,2718,unrepaired,2
544,shd-test-01445,20260916T053659Z_seed2718_unrepaired_544,2718,unrepaired,15
545,shd-test-01446,20260916T053659Z_seed2718_unrepaired_545,2718,unrepaired,15
546,shd-test-01449,20260916T053659Z_seed2718_unrepaired_546,2718,unrepaired,2
547,shd-test-01451,20260916T053659Z_seed2718_unrepaired_547,2718,unrepaired,6
548,shd-test-01455,20260916T053659Z_seed2718_unrepaired_548,2718,unrepaired,2
549,shd-test-01459,20260916T053659Z_seed2718_unrepaired_549,2718,unrepaired,6
550,shd-test-01462,20260916T053659Z_seed2718_unrepaired_550,2718,unrepaired,15
551,shd-test-01465,20260916T053659Z_seed2718_unrepaired_551,2718,unrepaired,15
552,shd-test-01469,20260916T053659Z_seed2718_unrepaired_552,2718,unrepaired,2
553,shd-test-01470,20260916T053659Z_seed2718_unrepaired_553,2718,unrepaired,6
554,shd-test-01473,20260916T053659Z_seed2718_unrepaired_554,2718,unrepaired,2
555,shd-test-01476,20260916T053659Z_seed2718_unrepaired_555,2718,unrepaired,15
556,shd-test-01479,20260916T053659Z_seed2718_unrepaired_556,2718,unrepaired,15
557,shd-test-01480,20260916T053659Z_seed2718_unrepaired_557,2718,unrepaired,6
558,shd-test-01482,20260916T053659Z_seed2718_unrepaired_558,2718,unrepaired,15
559,shd-test-01483,20260916T053659Z_seed2718_unrepaired_559,2718,unrepaired,2
560,shd-test-01484,20260916T053659Z_seed2718_unrepaired_560,2718,unrepaired,6
561,shd-test-01487,20260916T053659Z_seed2718_unrepaired_561,2718,unrepaired,2
562,shd-test-01488,20260916T053659Z_seed2718_unrepaired_562,2718,unrepaired,15
563,shd-test-01489,20260916T053659Z_seed2718_unrepaired_563,2718,unrepaired,15
564,shd-test-01492,20260916T053659Z_seed2718_unrepaired_564,2718,unrepaired,6
565,shd-test-01493,20260916T053659Z_seed2718_unrepaired_565,2718,unrepaired,15
566,shd-test-01494,20260916T053659Z_seed2718_unrepaired_566,2718,unrepaired,15
567,shd-test-01497,20260916T053659Z_seed2718_unrepaired_567,2718,unrepaired,15
568,shd-test-01498,20260916T053659Z_seed2718_unrepaired_568,2718,unrepaired,15
569,shd-test-01499,20260916T053659Z_seed2718_unrepaired_569,2718,unrepaired,6
570,shd-test-01500,20260916T053659Z_seed2718_unrepaired_570,2718,unrepaired,15
571,shd-test-01502,20260916T053659Z_seed2718_unrepaired_571,2718,unrepaired,6
572,shd-test-01503,20260916T053659Z_seed2718_unrepaired_572,2718,unrepaired,15
573,shd-test-01504,20260916T053659Z_seed2718_unrepaired_573,2718,unrepaired,15
574,shd-test-01505,20260916T053659Z_seed2718_unrepaired_574,2718,unrepaired,6
575,shd-test-01510,20260916T053659Z_seed2718_unrepaired_575,2718,unrepaired,6
576,shd-test-01512,20260916T053659Z_seed2718_unrepaired_576,2718,unrepaired,15
577,shd-test-01517,20260916T053659Z_seed2718_unrepaired_577,2718,unrepaired,6
578,shd-test-01521,20260916T053659Z_seed2718_unrepaired_578,2718,unrepaired,6
579,shd-test-01522,20260916T053659Z_seed2718_unrepaired_579,2718,unrepaired,15
580,shd-test-01525,20260916T053659Z_seed2718_unrepaired_580,2718,unrepaired,6
581,shd-test-01527,20260916T053659Z_seed2718_unrepaired_581,2718,unrepaired,2
582,shd-test-01530,20260916T053659Z_seed2718_unrepaired_582,2718,unrepaired,6
583,shd-test-01533,20260916T053659Z_seed2718_unrepaired_583,2718,unrepaired,15
584,shd-test-01540,20260916T053659Z_seed2718_unrepaired_584,2718,unrepaired,6
585,shd-test-01541,20260916T053659Z_seed2718_unrepaired_585,2718,unrepaired,15
586,shd-test-01542,20260916T053659Z_seed2718_unrepaired_586,2718,unrepaired,15
587,shd-test-01543,20260916T053659Z_seed2718_unrepaired_587,2718,unrepaired,6
588,shd-test-01547,20260916T053659Z_seed2718_unrepaired_588,2718,unrepaired,2
589,shd-test-01548,20260916T053659Z_seed2718_unrepaired_589,2718,unrepaired,15
590,shd-test-01552,20260916T053659Z_seed2718_unrepaired_590,2718,unrepaired,6
591,shd-test-01555,20260916T053659Z_seed2718_unrepaired_591,2718,unrepaired,2
592,shd-test-01556,20260916T053659Z_seed2718_unrepaired_592,2718,unrepaired,6
593,shd-test-01559,20260916T053659Z_seed2718_unrepaired_593,2718,unrepaired,6
594,shd-test-01564,20260916T053659Z_seed2718_unrepaired_594,2718,unrepaired,6
595,shd-test-01568,20260916T053659Z_seed2718_unrepaired_595,2718,unrepaired,15
596,shd-test-01571,20260916T053659Z_seed2718_unrepaired_596,2718,unrepaired,15
597,shd-test-01574,20260916T053659Z_seed2718_unrepaired_597,2718,unrepaired,15
598,shd-test-01576,20260916T053659Z_seed2718_unrepaired_598,2718,unrepaired,15
599,shd-test-01579,20260916T053659Z_seed2718_unrepaired_599,2718,unrepaired,15
600,shd-test-01583,20260916T053659Z_seed2718_unrepaired_600,2718,unrepaired,15
601,shd-test-01584,20260916T053659Z_seed2718_unrepaired_601,2718,unrepaired,15
602,shd-test-01586,20260916T053659Z_seed2718_unrepaired_602,2718,unrepaired,6
603,shd-test-01587,20260916T053659Z_seed2718_unrepaired_603,2718,unrepaired,15
604,shd-test-01588,20260916T053659Z_seed2718_unrepaired_604,2718,unrepaired,6
605,shd-test-01590,20260916T053659Z_seed2718_unrepaired_605,2718,unrepaired,15
606,shd-test-01593,20260916T053659Z_seed2718_unrepaired_606,2718,unrepaired,15
607,shd-test-01595,20260916T053659Z_seed2718_unrepaired_607,2718,unrepaired,6
608,shd-test-01606,20260916T053659Z_seed2718_unrepaired_608,2718,unrepaired,4
609,shd-test-01609,20260916T053659Z_seed2718_unrepaired_609,2718,unrepaired,15
610,shd-test-01611,20260916T053659Z_seed2718_unrepaired_610,2718,unrepaired,6
611,shd-test-01613,20260916T053659Z_seed2718_unrepaired_611,2718,unrepaired,6
612,shd-test-01615,20260916T053659Z_seed2718_unrepaired_612,2718,unrepaired,15
613,shd-test-01616,20260916T053659Z_seed2718_unrepaired_613,2718,unrepaired,15
614,shd-test-01617,20260916T053659Z_seed2718_unrepaired_614,2718,unrepaired,2
615,shd-test-01618,20260916T053659Z_seed2718_unrepaired_615,2718,unrepaired,2
616,shd-test-01622,20260916T053659Z_seed2718_unrepaired_616,2718,unrepaired,6
617,shd-test-01626,20260916T053659Z_seed2718_unrepaired_617,2718,unrepaired,2
618,shd-test-01627,20260916T053659Z_seed2718_unrepaired_618,2718,unrepaired,6
619,shd-test-01631,20260916T053659Z_seed2718_unrepaired_619,2718,unrepaired,15
620,shd-test-01632,20260916T053659Z_seed2718_unrepaired_620,2718,unrepaired,1
621,shd-test-01633,20260916T053659Z_seed2718_unrepaired_621,2718,unrepaired,6
622,shd-test-01637,20260916T053659Z_seed2718_unrepaired_622,2718,unrepaired,2
623,shd-test-01638,20260916T053659Z_seed2718_unrepaired_623,2718,unrepaired,15
624,shd-test-01641,20260916T053659Z_seed2718_unrepaired_624,2718,unrepaired,2
625,shd-test-01646,20260916T053659Z_seed2718_unrepaired_625,2718,unrepaired,5
626,shd-test-01648,20260916T053659Z_seed2718_unrepaired_626,2718,unrepaired,15
627,shd-test-01649,20260916T053659Z_seed2718_unrepaired_627,2718,unrepaired,2
628,shd-test-01653,20260916T053659Z_seed2718_unrepaired_628,2718,unrepaired,15
629,shd-test-01655,20260916T053659Z_seed2718_unrepaired_629,2718,unrepaired,2
630,shd-test-01656,20260916T053659Z_seed2718_unrepaired_630,2718,unrepaired,6
631,shd-test-01664,20260916T053659Z_seed2718_unrepaired_631,2718,unrepaired,5
632,shd-test-01668,20260916T053659Z_seed2718_unrepaired_632,2718,unrepaired,15
633,shd-test-01670,20260916T053659Z_seed2718_unrepaired_633,2718,unrepaired,15
634,shd-test-01671,20260916T053659Z_seed2718_unrepaired_634,2718,unrepaired,6
635,shd-test-01674,20260916T053659Z_seed2718_unrepaired_635,2718,unrepaired,2
636,shd-test-01677,20260916T053659Z_seed2718_unrepaired_636,2718,unrepaired,15
637,shd-test-01678,20260916T053659Z_seed2718_unrepaired_637,2718,unrepaired,2
638,shd-test-01679,20260916T053659Z_seed2718_unrepaired_638,2718,unrepaired,15
639,shd-test-01680,20260916T053659Z_seed2718_unrepaired_639,2718,unrepaired,15
640,shd-test-01683,20260916T053659Z_seed2718_unrepaired_640,2718,unrepaired,6
641,shd-test-01686,20260916T053659Z_seed2718_unrepaired_641,2718,unrepaired,6
642,shd-test-01688,20260916T053659Z_seed2718_unrepaired_642,2718,unrepaired,5
643,shd-test-01689,20260916T053659Z_seed2718_unrepaired_643,2718,unrepaired,6
644,shd-test-01690,20260916T053659Z_seed2718_unrepaired_644,2718,unrepaired,19
645,shd-test-01692,20260916T053659Z_seed2718_unrepaired_645,2718,unrepaired,19
646,shd-test-01693,20260916T053659Z_seed2718_unrepaired_646,2718,unrepaired,15
647,shd-test-01699,20260916T053659Z_seed2718_unrepaired_647,2718,unrepaired,18
648,shd-test-01700,20260916T053659Z_seed2718_unrepaired_648,2718,unrepaired,6
649,shd-test-01703,20260916T053659Z_seed2718_unrepaired_649,2718,unrepaired,2
650,shd-test-01708,20260916T053659Z_seed2718_unrepaired_650,2718,unrepaired,6
651,shd-test-01712,20260916T053659Z_seed2718_unrepaired_651,2718,unrepaired,15
652,shd-test-01715,20260916T053659Z_seed2718_unrepaired_652,2718,unrepaired,2
653,shd-test-01720,20260916T053659Z_seed2718_unrepaired_653,2718,unrepaired,15
654,shd-test-01726,20260916T053659Z_seed2718_unrepaired_654,2718,unrepaired,6
655,shd-test-01727,20260916T053659Z_seed2718_unrepaired_655,2718,unrepaired,15
656,shd-test-01728,20260916T053659Z_seed2718_unrepaired_656,2718,unrepaired,15
657,shd-test-01729,20260916T053659Z_seed2718_unrepaired_657,2718,unrepaired,19
658,shd-test-01735,20260916T053659Z_seed2718_unrepaired_658,2718,unrepaired,15
659,shd-test-01737,20260916T053659Z_seed2718_unrepaired_659,2718,unrepaired,6
660,shd-test-01739,20260916T053659Z_seed2718_unrepaired_660,2718,unrepaired,2
661,shd-test-01740,20260916T053659Z_seed2718_unrepaired_661,2718,unrepaired,15
662,shd-test-01741,20260916T053659Z_seed2718_unrepaired_662,2718,unrepaired,6
663,shd-test-01743,20260916T053659Z_seed2718_unrepaired_663,2718,unrepaired,6
664,shd-test-01744,20260916T053659Z_seed2718_unrepaired_664,2718,unrepaired,15
665,shd-test-01749,20260916T053659Z_seed2718_unrepaired_665,2718,unrepaired,15
666,shd-test-01752,20260916T053659Z_seed2718_unrepaired_666,2718,unrepaired,18
667,shd-test-01757,20260916T053659Z_seed2718_unrepaired_667,2718,unrepaired,6
668,shd-test-01759,20260916T053659Z_seed2718_unrepaired_668,2718,unrepaired,15
669,shd-test-01760,20260916T053659Z_seed2718_unrepaired_669,2718,unrepaired,6
670,shd-test-01762,20260916T053659Z_seed2718_unrepaired_670,2718,unrepaired,2
671,shd-test-01764,20260916T053659Z_seed2718_unrepaired_671,2718,unrepaired,15
672,shd-test-01765,20260916T053659Z_seed2718_unrepaired_672,2718,unrepaired,6
673,shd-test-01768,20260916T053659Z_seed2718_unrepaired_673,2718,unrepaired,2
674,shd-test-01770,20260916T053659Z_seed2718_unrepaired_674,2718,unrepaired,15
675,shd-test-01771,20260916T053659Z_seed2718_unrepaired_675,2718,unrepaired,19
676,shd-test-01775,20260916T053659Z_seed2718_unrepaired_676,2718,unrepaired,6
677,shd-test-01780,20260916T053659Z_seed2718_unrepaired_677,2718,unrepaired,15
678,shd-test-01781,20260916T053659Z_seed2718_unrepaired_678,2718,unrepaired,15
679,shd-test-01782,20260916T053659Z_seed2718_unrepaired_679,2718,unrepaired,15
680,shd-test-01795,20260916T053659Z_seed2718_unrepaired_680,2718,unrepaired,15
681,shd-test-01796,20260916T053659Z_seed2718_unrepaired_681,2718,unrepaired,15
682,shd-test-01798,20260916T053659Z_seed2718_unrepaired_682,2718,unrepaired,15
683,shd-test-01799,20260916T053659Z_seed2718_unrepaired_683,2718,unrepaired,2
684,shd-test-01800,20260916T053659Z_seed2718_unrepaired_684,2718,unrepaired,2
685,shd-test-01803,20260916T053659Z_seed2718_unrepaired_685,2718,unrepaired,2
686,shd-test-01804,20260916T053659Z_seed2718_unrepaired_686,2718,unrepaired,2
687,shd-test-01806,20260916T053659Z_seed2718_unrepaired_687,2718,unrepaired,15
688,shd-test-01808,20260916T053659Z_seed2718_unrepaired_688,2718,unrepaired,6
689,shd-test-01812,20260916T053659Z_seed2718_unrepaired_689,2718,unrepaired,6
690,shd-test-01813,20260916T053659Z_seed2718_unrepaired_690,2718,unrepaired,6
691,shd-test-01815,20260916T053659Z_seed2718_unrepaired_691,2718,unrepaired,15
692,shd-test-01817,20260916T053659Z_seed2718_unrepaired_692,2718,unrepaired,10
693,shd-test-01823,20260916T053659Z_seed2718_unrepaired_693,2718,unrepaired,2
694,shd-test-01824,20260916T053659Z_seed2718_unrepaired_694,2718,unrepaired,6
695,shd-test-01827,20260916T053659Z_seed2718_unrepaired_695,2718,unrepaired,5
696,shd-test-01837,20260916T053659Z_seed2718_unrepaired_696,2718,unrepaired,15
697,shd-test-01839,20260916T053659Z_seed2718_unrepaired_697,2718,unrepaired,15
698,shd-test-01840,20260916T053659Z_seed2718_unrepaired_698,2718,unrepaired,5
699,shd-test-01841,20260916T053659Z_seed2718_unrepaired_699,2718,unrepaired,6
700,shd-test-01842,20260916T053659Z_seed2718_unrepaired_700,2718,unrepaired,2
701,shd-test-01845,20260916T053659Z_seed2718_unrepaired_701,2718,unrepaired,15
702,shd-test-01850,20260916T053659Z_seed2718_unrepaired_702,2718,unrepaired,15
703,shd-test-01852,20260916T053659Z_seed2718_unrepaired_703,2718,unrepaired,2
704,shd-test-01854,20260916T053659Z_seed2718_unrepaired_704,2718,unrepaired,15
705,shd-test-01857,20260916T053659Z_seed2718_unrepaired_705,2718,unrepaired,2
706,shd-test-01859,20260916T053659Z_seed2718_unrepaired_706,2718,unrepaired,18
707,shd-test-01861,20260916T053659Z_seed2718_unrepaired_707,2718,unrepaired,15
708,shd-test-01862,20260916T053659Z_seed2718_unrepaired_708,2718,unrepaired,18
709,shd-test-01866,20260916T053659Z_seed2718_unrepaired_709,2718,unrepaired,15
710,shd-test-01870,20260916T053659Z_seed2718_unrepaired_710,2718,unrepaired,15
711,shd-test-01871,20260916T053659Z_seed2718_unrepaired_711,2718,unrepaired,15
712,shd-test-01875,20260916T053659Z_seed2718_unrepaired_712,2718,unrepaired,18
713,shd-test-01878,20260916T053659Z_seed2718_unrepaired_713,2718,unrepaired,10
714,shd-test-01879,20260916T053659Z_seed2718_unrepaired_714,2718,unrepaired,15
715,shd-test-01881,20260916T053659Z_seed2718_unrepaired_715,2718,unrepaired,2
716,shd-test-01885,20260916T053659Z_seed2718_unrepaired_716,2718,unrepaired,15
717,shd-test-01886,20260916T053659Z_seed2718_unrepaired_717,2718,unrepaired,15
718,shd-test-01891,20260916T053659Z_seed2718_unrepaired_718,2718,unrepaired,6
719,shd-test-01893,20260916T053659Z_seed2718_unrepaired_719,2718,unrepaired,6
720,shd-test-01894,20260916T053659Z_seed2718_unrepaired_720,2718,unrepaired,15
721,shd-test-01896,20260916T053659Z_seed2718_unrepaired_721,2718,unrepaired,18
722,shd-test-01897,20260916T053659Z_seed2718_unrepaired_722,2718,unrepaired,6
723,shd-test-01900,20260916T053659Z_seed2718_unrepaired_723,2718,unrepaired,6
724,shd-test-01901,20260916T053659Z_seed2718_unrepaired_724,2718,unrepaired,15
725,shd-test-01904,20260916T053659Z_seed2718_unrepaired_725,2718,unrepaired,2
726,shd-test-01906,20260916T053659Z_seed2718_unrepaired_726,2718,unrepaired,15
727,shd-test-01908,20260916T053659Z_seed2718_unrepaired_727,2718,unrepaired,15
728,shd-test-01912,20260916T053659Z_seed2718_unrepaired_728,2718,unrepaired,15
729,shd-test-01913,20260916T053659Z_seed2718_unrepaired_729,2718,unrepaired,6
730,shd-test-01916,20260916T053659Z_seed2718_unrepaired_730,2718,unrepaired,15
731,shd-test-01917,20260916T053659Z_seed2718_unrepaired_731,2718,unrepaired,2
732,shd-test-01920,20260916T053659Z_seed2718_unrepaired_732,2718,unrepaired,6
733,shd-test-01922,20260916T053659Z_seed2718_unrepaired_733,2718,unrepaired,4
734,shd-test-01923,20260916T053659Z_seed2718_unrepaired_734,2718,unrepaired,2
735,shd-test-01934,20260916T053659Z_seed2718_unrepaired_735,2718,unrepaired,15
736,shd-test-01941,20260916T053659Z_seed2718_unrepaired_736,2718,unrepaired,2
737,shd-test-01942,20260916T053659Z_seed2718_unrepaired_737,2718,unrepaired,6
738,shd-test-01944,20260916T053659Z_seed2718_unrepaired_738,2718,unrepaired,15
739,shd-test-01946,20260916T053659Z_seed2718_unrepaired_739,2718,unrepaired,15
740,shd-test-01951,20260916T053659Z_seed2718_unrepaired_740,2718,unrepaired,14
741,shd-test-01953,20260916T053659Z_seed2718_unrepaired_741,2718,unrepaired,2
742,shd-test-01954,20260916T053659Z_seed2718_unrepaired_742,2718,unrepaired,15
743,shd-test-01956,20260916T053659Z_seed2718_unrepaired_743,2718,unrepaired,2
744,shd-test-01959,20260916T053659Z_seed2718_unrepaired_744,2718,unrepaired,15
745,shd-test-01961,20260916T053659Z_seed2718_unrepaired_745,2718,unrepaired,2
746,shd-test-01962,20260916T053659Z_seed2718_unrepaired_746,2718,unrepaired,15
747,shd-test-01976,20260916T053659Z_seed2718_unrepaired_747,2718,unrepaired,15
748,shd-test-01977,20260916T053659Z_seed2718_unrepaired_748,2718,unrepaired,2
749,shd-test-01981,20260916T053659Z_seed2718_unrepaired_749,2718,unrepaired,15
750,shd-test-01982,20260916T053659Z_seed2718_unrepaired_750,2718,unrepaired,15
751,shd-test-01983,20260916T053659Z_seed2718_unrepaired_751,2718,unrepaired,2
752,shd-test-01984,20260916T053659Z_seed2718_unrepaired_752,2718,unrepaired,15
753,shd-test-01985,20260916T053659Z_seed2718_unrepaired_753,2718,unrepaired,15
754,shd-test-01987,20260916T053659Z_seed2718_unrepaired_754,2718,unrepaired,6
755,shd-test-01991,20260916T053659Z_seed2718_unrepaired_755,2718,unrepaired,6
756,shd-test-01994,20260916T053659Z_seed2718_unrepaired_756,2718,unrepaired,6
757,shd-test-01996,20260916T053659Z_seed2718_unrepaired_757,2718,unrepaired,6
758,shd-test-01997,20260916T053659Z_seed2718_unrepaired_758,2718,unrepaired,15
759,shd-test-02000,20260916T053659Z_seed2718_unrepaired_759,2718,unrepaired,10
760,shd-test-02002,20260916T053659Z_seed2718_unrepaired_760,2718,unrepaired,6
761,shd-test-02003,20260916T053659Z_seed2718_unrepaired_761,2718,unrepaired,6
762,shd-test-02006,20260916T053659Z_seed2718_unrepaired_762,2718,unrepaired,6
763,shd-test-02011,20260916T053659Z_seed2718_unrepaired_763,2718,unrepaired,15
764,shd-test-02013,20260916T053659Z_seed2718_unrepaired_764,2718,unrepaired,15
765,shd-test-02014,20260916T053659Z_seed2718_unrepaired_765,2718,unrepaired,6
766,shd-test-02015,20260916T053659Z_seed2718_unrepaired_766,2718,unrepaired,15
767,shd-test-02018,20260916T053659Z_seed2718_unrepaired_767,2718,unrepaired,6
768,shd-test-02021,20260916T053659Z_seed2718_unrepaired_768,2718,unrepaired,15
769,shd-test-02022,20260916T053659Z_seed2718_unrepaired_769,2718,unrepaired,19
770,shd-test-02023,20260916T053659Z_seed2718_unrepaired_770,2718,unrepaired,15
771,shd-test-02024,20260916T053659Z_seed2718_unrepaired_771,2718,unrepaired,2
772,shd-test-02026,20260916T053659Z_seed2718_unrepaired_772,2718,unrepaired,6
773,shd-test-02027,20260916T053659Z_seed2718_unrepaired_773,2718,unrepaired,2
774,shd-test-02030,20260916T053659Z_seed2718_unrepaired_774,2718,unrepaired,15
775,shd-test-02033,20260916T053659Z_seed2718_unrepaired_775,2718,unrepaired,6
776,shd-test-02034,20260916T053659Z_seed2718_unrepaired_776,2718,unrepaired,15
777,shd-test-02035,20260916T053659Z_seed2718_unrepaired_777,2718,unrepaired,15
778,shd-test-02037,20260916T053659Z_seed2718_unrepaired_778,2718,unrepaired,15
779,shd-test-02039,20260916T053659Z_seed2718_unrepaired_779,2718,unrepaired,6
780,shd-test-02042,20260916T053659Z_seed2718_unrepaired_780,2718,unrepaired,6
781,shd-test-02048,20260916T053659Z_seed2718_unrepaired_781,2718,unrepaired,6
782,shd-test-02049,20260916T053659Z_seed2718_unrepaired_782,2718,unrepaired,2
783,shd-test-02051,20260916T053659Z_seed2718_unrepaired_783,2718,unrepaired,2
784,shd-test-02052,20260916T053659Z_seed2718_unrepaired_784,2718,unrepaired,5
785,shd-test-02053,20260916T053659Z_seed2718_unrepaired_785,2718,unrepaired,2
786,shd-test-02059,20260916T053659Z_seed2718_unrepaired_786,2718,unrepaired,15
787,shd-test-02061,20260916T053659Z_seed2718_unrepaired_787,2718,unrepaired,6
788,shd-test-02062,20260916T053659Z_seed2718_unrepaired_788,2718,unrepaired,6
789,shd-test-02067,20260916T053659Z_seed2718_unrepaired_789,2718,unrepaired,2
790,shd-test-02070,20260916T053659Z_seed2718_unrepaired_790,2718,unrepaired,2
791,shd-test-02073,20260916T053659Z_seed2718_unrepaired_791,2718,unrepaired,2
792,shd-test-02074,20260916T053659Z_seed2718_unrepaired_792,2718,unrepaired,6
793,shd-test-02079,20260916T053659Z_seed2718_unrepaired_793,2718,unrepaired,2
794,shd-test-02081,20260916T053659Z_seed2718_unrepaired_794,2718,unrepaired,6
795,shd-test-02082,20260916T053659Z_seed2718_unrepaired_795,2718,unrepaired,15
796,shd-test-02084,20260916T053659Z_seed2718_unrepaired_796,2718,unrepaired,6
797,shd-test-02085,20260916T053659Z_seed2718_unrepaired_797,2718,unrepaired,2
798,shd-test-02090,20260916T053659Z_seed2718_unrepaired_798,2718,unrepaired,19
799,shd-test-02091,20260916T053659Z_seed2718_unrepaired_799,2718,unrepaired,10
800,shd-test-02092,20260916T053659Z_seed2718_unrepaired_800,2718,unrepaired,15
801,shd-test-02093,20260916T053659Z_seed2718_unrepaired_801,2718,unrepaired,6
802,shd-test-02095,20260916T053659Z_seed2718_unrepaired_802,2718,unrepaired,19
803,shd-test-02104,20260916T053659Z_seed2718_unrepaired_803,2718,unrepaired,2
804,shd-test-02107,20260916T053659Z_seed2718_unrepaired_804,2718,unrepaired,15
805,shd-test-02108,20260916T053659Z_seed2718_unrepaired_805,2718,unrepaired,6
806,shd-test-02111,20260916T053659Z_seed2718_unrepaired_806,2718,unrepaired,15
807,shd-test-02112,20260916T053659Z_seed2718_unrepaired_807,2718,unrepaired,6
808,shd-test-02118,20260916T053659Z_seed2718_unrepaired_808,2718,unrepaired,15
809,shd-test-02122,20260916T053659Z_seed2718_unrepaired_809,2718,unrepaired,6
810,shd-test-02124,20260916T053659Z_seed2718_unrepaired_810,2718,unrepaired,15
811,shd-test-02125,20260916T053659Z_seed2718_unrepaired_811,2718,unrepaired,15
812,shd-test-02127,20260916T053659Z_seed2718_unrepaired_812,2718,unrepaired,15
813,shd-test-02128,20260916T053659Z_seed2718_unrepaired_813,2718,unrepaired,6
814,shd-test-02131,20260916T053659Z_seed2718_unrepaired_814,2718,unrepaired,15
815,shd-test-02134,20260916T053659Z_seed2718_unrepaired_815,2718,unrepaired,15
816,shd-test-02136,20260916T053659Z_seed2718_unrepaired_816,2718,unrepaired,15
817,shd-test-02137,20260916T053659Z_seed2718_unrepaired_817,2718,unrepaired,2
818,shd-test-02141,20260916T053659Z_seed2718_unrepaired_818,2718,unrepaired,6
819,shd-test-02142,20260916T053659Z_seed2718_unrepaired_819,2718,unrepaired,15
820,shd-test-02143,20260916T053659Z_seed2718_unrepaired_820,2718,unrepaired,18
821,shd-test-02147,20260916T053659Z_seed2718_unrepaired_821,2718,unrepaired,6
822,shd-test-02150,20260916T053659Z_seed2718_unrepaired_822,2718,unrepaired,15
823,shd-test-02151,20260916T053659Z_seed2718_unrepaired_823,2718,unrepaired,15
824,shd-test-02154,20260916T053659Z_seed2718_unrepaired_824,2718,unrepaired,19
825,shd-test-02155,20260916T053659Z_seed2718_unrepaired_825,2718,unrepaired,15
826,shd-test-02159,20260916T053659Z_seed2718_unrepaired_826,2718,unrepaired,15
827,shd-test-02161,20260916T053659Z_seed2718_unrepaired_827,2718,unrepaired,6
828,shd-test-02164,20260916T053659Z_seed2718_unrepaired_828,2718,unrepaired,6
829,shd-test-02167,20260916T053659Z_seed2718_unrepaired_829,2718,unrepaired,6
830,shd-test-02168,20260916T053659Z_seed2718_unrepaired_830,2718,unrepaired,15
831,shd-test-02170,20260916T053659Z_seed2718_unrepaired_831,2718,unrepaired,6
832,shd-test-02174,20260916T053659Z_seed2718_unrepaired_832,2718,unrepaired,2
833,shd-test-02175,20260916T053659Z_seed2718_unrepaired_833,2718,unrepaired,15
834,shd-test-02185,20260916T053659Z_seed2718_unrepaired_834,2718,unrepaired,6
835,shd-test-02187,20260916T053659Z_seed2718_unrepaired_835,2718,unrepaired,6
836,shd-test-02189,20260916T053659Z_seed2718_unrepaired_836,2718,unrepaired,15
837,shd-test-02197,20260916T053659Z_seed2718_unrepaired_837,2718,unrepaired,10
838,shd-test-02201,20260916T053659Z_seed2718_unrepaired_838,2718,unrepaired,15
839,shd-test-02202,20260916T053659Z_seed2718_unrepaired_839,2718,unrepaired,2
840,shd-test-02204,20260916T053659Z_seed2718_unrepaired_840,2718,unrepaired,15
841,shd-test-02205,20260916T053659Z_seed2718_unrepaired_841,2718,unrepaired,10
842,shd-test-02208,20260916T053659Z_seed2718_unrepaired_842,2718,unrepaired,2
843,shd-test-02209,20260916T053659Z_seed2718_unrepaired_843,2718,unrepaired,15
844,shd-test-02213,20260916T053659Z_seed2718_unrepaired_844,2718,unrepaired,15
845,shd-test-02214,20260916T053659Z_seed2718_unrepaired_845,2718,unrepaired,18
846,shd-test-02215,20260916T053659Z_seed2718_unrepaired_846,2718,unrepaired,6
847,shd-test-02216,20260916T053659Z_seed2718_unrepaired_847,2718,unrepaired,15
848,shd-test-02221,20260916T053659Z_seed2718_unrepaired_848,2718,unrepaired,15
849,shd-test-02222,20260916T053659Z_seed2718_unrepaired_849,2718,unrepaired,2
850,shd-test-02229,20260916T053659Z_seed2718_unrepaired_850,2718,unrepaired,6
851,shd-test-02232,20260916T053659Z_seed2718_unrepaired_851,2718,unrepaired,15
852,shd-test-02233,20260916T053659Z_seed2718_unrepaired_852,2718,unrepaired,6
853,shd-test-02235,20260916T053659Z_seed2718_unrepaired_853,2718,unrepaired,15
854,shd-test-02242,20260916T053659Z_seed2718_unrepaired_854,2718,unrepaired,15
855,shd-test-02243,20260916T053659Z_seed2718_unrepaired_855,2718,unrepaired,15
856,shd-test-02247,20260916T053659Z_seed2718_unrepaired_856,2718,unrepaired,18
857,shd-test-02251,20260916T053659Z_seed2718_unrepaired_857,2718,unrepaired,15
858,shd-test-02259,20260916T053659Z_seed2718_unrepaired_858,2718,unrepaired,15
859,shd-test-02260,20260916T053659Z_seed2718_unrepaired_859,2718,unrepaired,6
860,shd-test-02261,20260916T053659Z_seed2718_unrepaired_860,2718,unrepaired,15
