seed,box_hash,certified_fraction,certified_inputs,relative_radius,samples,seconds,varied_axis
1701,066c5d236806a1cc3848ff7f23746076c05ed7e67569f39d0ed96d178a5dff90,0.9465737514518002,815,1e-06,861,0.7710927000734955,timestep
1701,195e564f4786b99558f2af2c82da20e5c4cf08c3b08d6f0dac9bd45b2fd941d6,0.6469221835075494,557,1e-05,861,0.7433497000019997,timestep
1701,e6fc43d9ae1976b8b54da7d017c4d7ac2320b11275bca0290f206fe5c9a43d9e,0.0,0,0.0001,861,0.5935482999775559,timestep
1701,1395c3d502460c1000f04cdd52fc58058773030a439bfe1cd5f2c0f4dd08306d,0.0,0,0.001,861,0.5536497998982668,timestep
1701,037f0ee97feffd997e1810ffe5db64c5291b361b3fecb6935e935d9b42d4adac,0.0,0,0.01,861,0.5840368999633938,timestep
1701,678681e58f7ea54f369a865d944f02f7554b4bb18ca9c783ce173d901c6ba02b,0.9686411149825784,834,1e-06,861,0.5475725000724196,threshold
1701,8c5a448b9e140cf214c51e6524114a2656c0e8f2e17a7d6c16f785b667736e87,0.7328687572590011,631,1e-05,861,0.5605810999404639,threshold
1701,d721fbd6c19b4661cfbb643cdb179823d734e0f3701efd7b81291b9f6de315f2,0.015098722415795587,13,0.0001,861,0.5522936000488698,threshold
1701,226dc84e0cdf2fc914685ad31d7a26f5131a383b656fae608f89cddcbf9e62cb,0.0,0,0.001,861,0.5354698000010103,threshold
1701,eeee402f488867a5e705759423eeed2357d887cf5a67b77c9bf0265d256c70c9,0.0,0,0.01,861,0.5602404000237584,threshold
1701,3ed071a748880cef13f9191f8e314695b9956e428b0045cc00fbd9250ec338f9,0.9094076655052264,783,1e-06,861,0.5589318999554962,joint
1701,f687448bb660790577e3153a7007fa60de8fba14827a9df9f9d4de15f2d9690c,0.5331010452961672,459,1e-05,861,0.5482423999346793,joint
1701,e82fc029a81182fd43da6b2bbfbd6471e8db3f00164a4410125326f02074175a,0.0,0,0.0001,861,0.5511221000924706,joint
1701,b22735a0eec55caffc70f733b8ed8f5c2d5e8c39d909695f4fa256f250cd0b9e,0.0,0,0.001,861,0.5442684998270124,joint
1701,7fe1103701710ba7a1b10c9029c5d2d3d396577e2f121fc7e79a80a27f289ce0,0.0,0,0.01,861,0.5501705999486148,joint
2718,066c5d236806a1cc3848ff7f23746076c05ed7e67569f39d0ed96d178a5dff90,0.926829268292683,798,1e-06,861,0.771989299915731,timestep
2718,195e564f4786b99558f2af2c82da20e5c4cf08c3b08d6f0dac9bd45b2fd941d6,0.6178861788617886,532,1e-05,861,0.7774256002157927,timestep
2718,e6fc43d9ae1976b8b54da7d017c4d7ac2320b11275bca0290f206fe5c9a43d9e,0.0,0,0.0001,861,0.6610256000421941,timestep
2718,1395c3d502460c1000f04cdd52fc58058773030a439bfe1cd5f2c0f4dd08306d,0.0,0,0.001,861,0.5731988998595625,timestep
2718,037f0ee97feffd997e1810ffe5db64c5291b361b3fecb6935e935d9b42d4adac,0.0,0,0.01,861,0.5558423998299986,timestep
2718,678681e58f7ea54f369a865d944f02f7554b4bb18ca9c783ce173d901c6ba02b,0.9535423925667829,821,1e-06,861,0.5538108001928777,threshold
2718,8c5a448b9e140cf214c51e6524114a2656c0e8f2e17a7d6c16f785b667736e87,0.7084785133565621,610,1e-05,861,0.5967639000155032,threshold
2718,d721fbd6c19b4661cfbb643cdb179823d734e0f3701efd7b81291b9f6de315f2,0.013937282229965157,12,0.0001,861,0.5584394000470638,threshold
2718,226dc84e0cdf2fc914685ad31d7a26f5131a383b656fae608f89cddcbf9e62cb,0.0,0,0.001,861,0.5605246999766678,threshold
2718,eeee402f488867a5e705759423eeed2357d887cf5a67b77c9bf0265d256c70c9,0.0,0,0.01,861,0.5338228000327945,threshold
2718,3ed071a748880cef13f9191f8e314695b9956e428b0045cc00fbd9250ec338f9,0.8931475029036005,769,1e-06,861,0.5429403001908213,joint
2718,f687448bb660790577e3153a7007fa60de8fba14827a9df9f9d4de15f2d9690c,0.5005807200929152,431,1e-05,861,0.5384178999811411,joint
2718,e82fc029a81182fd43da6b2bbfbd6471e8db3f00164a4410125326f02074175a,0.0,0,0.0001,861,0.531276100082323,joint
2718,b22735a0eec55caffc70f733b8ed8f5c2d5e8c39d909695f4fa256f250cd0b9e,0.0,0,0.001,861,0.5326021001674235,joint
2718,7fe1103701710ba7a1b10c9029c5d2d3d396577e2f121fc7e79a80a27f289ce0,0.0,0,0.01,861,0.5315320999361575,joint
3141,066c5d236806a1cc3848ff7f23746076c05ed7e67569f39d0ed96d178a5dff90,0.9152148664343787,788,1e-06,861,0.7576083999592811,timestep
3141,195e564f4786b99558f2af2c82da20e5c4cf08c3b08d6f0dac9bd45b2fd941d6,0.6004645760743321,517,1e-05,861,0.7467201999388635,timestep
3141,e6fc43d9ae1976b8b54da7d017c4d7ac2320b11275bca0290f206fe5c9a43d9e,0.0011614401858304297,1,0.0001,861,0.6504637999460101,timestep
3141,1395c3d502460c1000f04cdd52fc58058773030a439bfe1cd5f2c0f4dd08306d,0.0,0,0.001,861,0.5575759001076221,timestep
3141,037f0ee97feffd997e1810ffe5db64c5291b361b3fecb6935e935d9b42d4adac,0.0,0,0.01,861,0.5492541000712663,timestep
3141,678681e58f7ea54f369a865d944f02f7554b4bb18ca9c783ce173d901c6ba02b,0.9523809523809523,820,1e-06,861,0.5551381001714617,threshold
3141,8c5a448b9e140cf214c51e6524114a2656c0e8f2e17a7d6c16f785b667736e87,0.6945412311265969,598,1e-05,861,0.5550762000493705,threshold
3141,d721fbd6c19b4661cfbb643cdb179823d734e0f3701efd7b81291b9f6de315f2,0.013937282229965157,12,0.0001,861,0.574148999992758,threshold
3141,226dc84e0cdf2fc914685ad31d7a26f5131a383b656fae608f89cddcbf9e62cb,0.0,0,0.001,861,0.593542099930346,threshold
3141,eeee402f488867a5e705759423eeed2357d887cf5a67b77c9bf0265d256c70c9,0.0,0,0.01,861,0.5601097999606282,threshold
3141,3ed071a748880cef13f9191f8e314695b9956e428b0045cc00fbd9250ec338f9,0.8664343786295006,746,1e-06,861,0.5630183999892324,joint
3141,f687448bb660790577e3153a7007fa60de8fba14827a9df9f9d4de15f2d9690c,0.4808362369337979,414,1e-05,861,0.5416619000025094,joint
3141,e82fc029a81182fd43da6b2bbfbd6471e8db3f00164a4410125326f02074175a,0.0,0,0.0001,861,0.5586725999601185,joint
3141,b22735a0eec55caffc70f733b8ed8f5c2d5e8c39d909695f4fa256f250cd0b9e,0.0,0,0.001,861,0.5419831001199782,joint
3141,7fe1103701710ba7a1b10c9029c5d2d3d396577e2f121fc7e79a80a27f289ce0,0.0,0,0.01,861,0.5456160998437554,joint
5772,066c5d236806a1cc3848ff7f23746076c05ed7e67569f39d0ed96d178a5dff90,0.943089430894309,812,1e-06,861,0.7565172000322491,timestep
5772,195e564f4786b99558f2af2c82da20e5c4cf08c3b08d6f0dac9bd45b2fd941d6,0.6376306620209059,549,1e-05,861,0.7453054999932647,timestep
5772,e6fc43d9ae1976b8b54da7d017c4d7ac2320b11275bca0290f206fe5c9a43d9e,0.0,0,0.0001,861,0.6367268001195043,timestep
5772,1395c3d502460c1000f04cdd52fc58058773030a439bfe1cd5f2c0f4dd08306d,0.0,0,0.001,861,0.5540648999158293,timestep
5772,037f0ee97feffd997e1810ffe5db64c5291b361b3fecb6935e935d9b42d4adac,0.0,0,0.01,861,0.5619778998661786,timestep
5772,678681e58f7ea54f369a865d944f02f7554b4bb18ca9c783ce173d901c6ba02b,0.9547038327526133,822,1e-06,861,0.55571259977296,threshold
5772,8c5a448b9e140cf214c51e6524114a2656c0e8f2e17a7d6c16f785b667736e87,0.7200929152148664,620,1e-05,861,0.5400908999145031,threshold
5772,d721fbd6c19b4661cfbb643cdb179823d734e0f3701efd7b81291b9f6de315f2,0.011614401858304297,10,0.0001,861,0.5492269999813288,threshold
5772,226dc84e0cdf2fc914685ad31d7a26f5131a383b656fae608f89cddcbf9e62cb,0.0,0,0.001,861,0.5442846000660211,threshold
5772,eeee402f488867a5e705759423eeed2357d887cf5a67b77c9bf0265d256c70c9,0.0,0,0.01,861,0.5660696998238564,threshold
5772,3ed071a748880cef13f9191f8e314695b9956e428b0045cc00fbd9250ec338f9,0.9105691056910569,784,1e-06,861,0.5423597001936287,joint
5772,f687448bb660790577e3153a7007fa60de8fba14827a9df9f9d4de15f2d9690c,0.5226480836236934,450,1e-05,861,0.5465598001610488,joint
5772,e82fc029a81182fd43da6b2bbfbd6471e8db3f00164a4410125326f02074175a,0.0,0,0.0001,861,0.5271838000044227,joint
5772,b22735a0eec55caffc70f733b8ed8f5c2d5e8c39d909695f4fa256f250cd0b9e,0.0,0,0.001,861,0.544909699819982,joint
5772,7fe1103701710ba7a1b10c9029c5d2d3d396577e2f121fc7e79a80a27f289ce0,0.0,0,0.01,861,0.5451115001924336,joint
8119,066c5d236806a1cc3848ff7f23746076c05ed7e67569f39d0ed96d178a5dff90,0.9361207897793263,806,1e-06,861,0.7737833999563009,timestep
8119,195e564f4786b99558f2af2c82da20e5c4cf08c3b08d6f0dac9bd45b2fd941d6,0.6016260162601627,518,1e-05,861,0.7426807000301778,timestep
8119,e6fc43d9ae1976b8b54da7d017c4d7ac2320b11275bca0290f206fe5c9a43d9e,0.0,0,0.0001,861,0.6624185000546277,timestep
8119,1395c3d502460c1000f04cdd52fc58058773030a439bfe1cd5f2c0f4dd08306d,0.0,0,0.001,861,0.5912283000070602,timestep
8119,037f0ee97feffd997e1810ffe5db64c5291b361b3fecb6935e935d9b42d4adac,0.0,0,0.01,861,0.556616900023073,timestep
8119,678681e58f7ea54f369a865d944f02f7554b4bb18ca9c783ce173d901c6ba02b,0.9523809523809523,820,1e-06,861,0.537666300078854,threshold
8119,8c5a448b9e140cf214c51e6524114a2656c0e8f2e17a7d6c16f785b667736e87,0.7212543554006968,621,1e-05,861,0.5441444998141378,threshold
8119,d721fbd6c19b4661cfbb643cdb179823d734e0f3701efd7b81291b9f6de315f2,0.026713124274099883,23,0.0001,861,0.5387893998995423,threshold
8119,226dc84e0cdf2fc914685ad31d7a26f5131a383b656fae608f89cddcbf9e62cb,0.0,0,0.001,861,0.5308111999183893,threshold
8119,eeee402f488867a5e705759423eeed2357d887cf5a67b77c9bf0265d256c70c9,0.0,0,0.01,861,0.5261820999439806,threshold
8119,3ed071a748880cef13f9191f8e314695b9956e428b0045cc00fbd9250ec338f9,0.9024390243902439,777,1e-06,861,0.5214597000740469,joint
8119,f687448bb660790577e3153a7007fa60de8fba14827a9df9f9d4de15f2d9690c,0.4912891986062718,423,1e-05,861,0.5742059000767767,joint
8119,e82fc029a81182fd43da6b2bbfbd6471e8db3f00164a4410125326f02074175a,0.0,0,0.0001,861,0.6882344000041485,joint
8119,b22735a0eec55caffc70f733b8ed8f5c2d5e8c39d909695f4fa256f250cd0b9e,0.0,0,0.001,861,0.5648926999419928,joint
8119,7fe1103701710ba7a1b10c9029c5d2d3d396577e2f121fc7e79a80a27f289ce0,0.0,0,0.01,861,0.5376187001820654,joint
