seed,center_target_identity_fraction,center_target_identity_inputs,center_target_identity_packed_hex,continuous_grid_identity_cost,deployed_model_artifact_hash,deployed_model_hash,grid_family_identity_fraction,grid_family_identity_inputs,grid_family_identity_packed_hex,grid_pair_disagreement_fraction,labels_used,max_unique_predictions,mean_unique_predictions,method,optimization_steps,repair_report_hash,trainable_parameters
1701,0.15911730545876887,137,c002203802082081000004420420941004000080022480010200040000228400060150004ba020000460b208400028020003301028104000186406200c100650002a08410000148200008010100c08800822001109101010810100a8a0880221140010080202111000070015,0.0034843205574912883,9871b6e0c0daecac610eb993364ec7551501ee9711769a5a74f54ae50edc1ed6,a3c56d1d56c161f62455f3df21e37d36ebc2e85239a34778b911e15b82877b77,0.15563298490127758,134,c002203802082081000004420420941004000080022080010200040000228400060150004ba020000460b208400028020003301028104000186406200c100650002a08410000140200008010100c08800822001109101010810100a880880221140010080202111000070015,0.8381153123700549,none,3,1.0778164924506388,no_repair,0,,0
1701,0.8385598141695703,722,edb7ffffffffffdb87bbf9e76effeffaf9f9afff8fefd6ffef76efdffff7ddefdbfffffffbbdfebf7f7bfdfff7ffb3e7fbfff7fdeb75eefdffef6feff6f764fedebefef67efbfffbffdb7e7ffddf7fdaed7bbfbdfffbefffb9ef77fe3efcfbfffddfffffdfdfefbffedfff1d,0.07781649245063882,0254b88e424b6dd46401f2bf4afded865d5c175e79e4b6f6d7c85d7facf7b5ca,14a6f558b453eb8aca32879197d30d1f355a042d868af7cf7c19e0cef79ac249,0.7607433217189314,655,ed27f7ffbf7f5fc381bbe9e76efdeff279d9afff8f6fd6fdef76efdffeb7d5efdaffffffb8bdf6bf6b7bfdfff7ffb263fbbbf7fdeb75eafd7bef6fedf6f764fedabefef646f3fdebfddb327dfddf7fd2e57bbf9dfffa6fdfb9ef77fe3eecfbfdb9defffddddfa6bffed7df1d,0.16013535796733624,none,3,1.173054587688734,certificate_directed,280,7faa8aa15a96675d8e6e54f400b285461019140ca67bb116239df9bb98a7c7d1,640
1701,0.8617886178861789,742,fff7ffffef75dff7bf3ff9f7ee6fefeafb5dbff7df7fded7ff5befffda9ffdefddddffdfbcbdfffffb7fffffffff3bf7fffbf7f5cff5fef5ffef6fffbdff56ffdfbffff7efff7f7bd7ffff7ffdff6fdfff7ffe9deffbefdff9fdffff7ffffefffbfefdffffdfeabfffdfff15,0.07897793263646924,18cf4a337b6a562324dfafcb1a7d80d38db488c383784ce20be32e58113ac7a5,61e501439087b3805dfe059e8b43e6e18ef32ae997d37348f7bfc6c7372162fd,0.7828106852497096,674,ffe7f7ffef75dfc39f3bf9f7e66dc7e27b5daff74f6fded7ff53effada97d1efddd5ffdfbcbdfff7fb7dfdfbffef32f7fddb77f5cff5feb56fef6fffb4ff56ffdbbefff6efff7f7bd7df7f7ffddb6bdeca7bfe9d6ffbe7dff9fdffff7feffadfe39efdffffdfaabffac7ff15,0.14529473337061416,none,4,1.164924506387921,logit_only,280,cd9274152bdd16344f288f90506fb26d530bbac3bb22e623b607dd458b640f91,640
1701,0.30662020905923343,264,e604773a0649080300608442aa68c41264500ac64a26401166000d8882960068048071d49ea5f0040530b21201442840080132102310228013474a3e0c93805208200c6f02a1402244819421180848800822b4158c305111006e4098a187a2659484198002c8311d50458915,0.06271777003484319,1817c964fda6b48cca123a23169eb6a77244d72ecaa026a5a5a55ffae85c2cd5,b8e17b10fd317a5f3f859610ea47e9c9cea14891ef3751eca59bd0e77d7cfd31,0.24390243902439024,210,c604373a02490803002084422a68c412645002c60226401166000d0880060008040070149e85f0040520321201442840080122100310028011474a2c0403805208200c6500a1402244019001180848800022b4158c30001100244018a187a225840410000088311550058915,0.6941397456302605,none,4,1.207897793263647,global_threshold,0,803d0e6d8e71ecbaacc9a6215467c2c7e141b5b5c7dcba9c3d5f779d97f90c88,1
1701,0.8548199767711963,736,febff7fb7f5fefdff7bff5f7ff79dffbf7dd77ff7fefeed5ffdaefdbfdfff1edcfdbefdffffdbfefffffffefffffb96bff9ff7fdef7ffa67efef7feffdd766fedefeff7ffefdff7bffff7f7ffddf7fdfebffbfbfef7b7fdd7bfffdfbf7fffbffff9efdfcfbdfeefffedfff1d,0.05226480836236935,4f9c4356cdf2581943cf3fa0ada47bc7edc1a5143d5791adfb138614f9ea15dd,82d8d4a85529b6a46665d646fdac97bf104b4fab87e1380208abb6afc77e4bd8,0.8025551684088269,691,f6b7f3fb1f576fd7b53ff5d77f79d7faf4dd67ff6f6fced5efdaefdaf9fff1edcfdbefdffffdbfefff7fffebffffb163fb1ff7fdef7ffa23efef7feff5d766fedebeff7ff6f5ff7bffff5f7ffddf7fdfebffbfbfef7a7fdd6bfffdfbf3fffbffff9ef9fcdbdfe6fefedfff19,0.14414763195251,repair calibration labels,4,1.1533101045296168,per_platform_qat,280,cb5144589e70a933bfed68344b8dd292e1efeaf7b17f00d1d2d174d39ba6f08b,108928
2718,0.23925667828106853,206,e012a02c9308a081030051408620250a0604208043a4800822c0140000408502060050006ae02000046102304080290206a37010291040008844067003108e58002b0849024014120040c410300d08801833005599945110891900aa00cb122114801008024a10130a070a13,0.022067363530778178,96e212e49fbaf7f15dc6547ebc71b5c646f211a8eba6a4b586cd185c0f4809c4,fc9b56d440c18f0a6f8610d9d129815b0933e638782eae56ab5c0625a32739bd,0.21718931475029035,187,e012a02c9308a081010051408420250a0404208043a0800822c0140000408502020050006aa02000046102304000290206a33010281040000844067003108658002b08410200141200408410300d08801823005589945110890100aa00cb122114801008024a101302070a13,0.7623205861688247,none,4,1.1277584204413473,no_repair,0,,0
2718,0.8385598141695703,722,feafdfffffdfff93971fffff7efbdfeef1f9efff7bfffefcfff7ff7cfdf7ffef7fabf8fffeff7a7d6fffdffbaf66f3c7fc1bf6fdffd7feedefefffffffbee6fe7fbfbf7faf7f7ff3f7fdff7ff5bffffafd7fff7fef7fefdfe7fffff67efffffb3dfdfbfedbff2dfffbefbf11,0.07433217189314745,4661c8bb7aaa219aa60d28d6a4dc1382b049c2d7d29df6f7f8aebc5ff7aabbcd,41c6a3026e8eacd27cb49caadae815018f333fdec4225b5cb73c4dc1ef9ebab1,0.7642276422764228,658,feafdf3f2fddef93871fffff7efbcf62f1f9affb7bfffefcff73ff5cfdd7ffaf5f8bf8dffeff7a7d69ff9ffba746f347fc1bf6ddef57f2adebef3fffe7bee6fe7dbfbf77af7f5df3f7edff3de5bffffac97ffe3ecf7fefdfe7fff7f67afffbfb3dfda9fedbdf2cf7f3efbf11,0.1562065356103296,none,4,1.1881533101045296,certificate_directed,280,b268770cd7b9b704464e26216897df8b0297d2e928118eb747455e6b6f0c88c1,640
2718,0.8768873403019745,755,ff3fffff6ffdffa79d5ffdfffeffefeafdfdeeffdbfffffeffe3fffefff7ffffffeffdfffffffa7fff7fdfbfffeefbffff9ff2dfeb7ffeedcfcf3ffffebcfefeffbfffffefff7ff3f7fdfffdeffffff2db7ffeffffffffdfebfffffe7efffffb7fffbbfeebdfabff76dfbf13,0.09059233449477355,d70eb75a798dc6f1dde25bca845575c95c78442548d0a8f1345bccd9a02f7c29,287c035cef104d83fc77e7c23f1946ef17da1e3e10c637baf17034d996a4035f,0.7862950058072009,677,ed2feff72dddff87095ff9f7fefbefeaf5f9aef75bfffffeff63ff4efef7ffff7fcffdff7ffffa3fef7f9fbfadeefb7ffd8ef25deb5ffeedcbcf3fdfb6bceebeddbfbf7beffd7eb2f7fdffbdefff7ff2db7bbeffffffebdfeb6ffff67effbafb3effb9f6cbdf287f72dfbf13,0.12916361967852485,none,5,1.173054587688734,logit_only,280,cb4e68f7cfefaa43a9f5e70f46527b0e10df7f71ff31c97148a3f62b23c11eae,640
2718,0.2961672473867596,255,9202a83a8389a0830301d04080e2e62c0c442cc042a4501002c0140002a2304a127050004ae5302005621231008029820ea33210291040900947067a8b108250112b014d0240c4126241d491180c4880082380559f9c50918d0b01a820c3922314009000420b12172a070813,0.05226480836236935,e978f9897dab2ab1c200121850ff0ecf0afd7d936c39fc6f20f10c9a766ee417,a0babb08b052af1b2a78735baff3e7787cb20a1bab707565242af0de0c01c0cc,0.24390243902439024,210,9202a83a8208a0830301d04000e2e6000c4428804224001002c014000022200a027050004ae53000056212310080298206a0321029104010094706728b108250012b0149020004026241d490100c4880080300559b9450918d0300a02083122310001000020a121722070813,0.7113175893663699,none,3,1.173054587688734,global_threshold,0,29457c6bc87d0f0ca2d9a2aa22c9a798f06b4c60232b6be721a72cf5c80d91c4,1
2718,0.8548199767711963,736,e637fbfffffddf87551ff5f37ff9efebfbd973f6ffffd7d0effaef1efed7dbffffcffffffefffb7fef7ddffffd6fb77bffbfffffffd7feafefdf7ffffebffffefdbe7f77f7f5ff73fffbbffdffdfeffbff7fffbfeff6fffff7fffff337fffffffdbffdfddfdfbefffbffff1f,0.0662020905923345,9f075d93db3335dff1c1cfb1b3a69b14ce42f7383578dca5bf7b16038daaa4f7,2b8e6a56e02e8a64b279a6798920cfad44e00ebcf0bd6194ec03af07c70543b3,0.7886178861788617,679,e437fbffbffddf87511ff1f37ef9cfeafad973f6eb67c7d0eff2ef1efcd7dbefffcbfbfffefffb4fef79dfeffd6fb17bff9bf7fdefd7fe23cfdf7ffff6bfe7befcbe7f77f7f5ff73fffbbffdffdfedfbeb7fff3ceff2fffde7fffff337ffffeffdbef9fcdfd7aebefaffff1f,0.14789005032907476,repair calibration labels,3,1.150987224157956,per_platform_qat,280,db52bd42f9cb4b917959d78a1760ca9c6f2579fb1ce79a03159071c51a4faff7,108928
3141,0.24390243902439024,210,c0c208a8900ca081090014405420b4000220048002a6a00082601444006234023250500049a8200084603a08420025460b033890291141401846223284109e58012a01698000040612209090100c5801086282119a141004831161a0a8c9022114200108420a005028070817,0.027874564459930307,0c10646241067027692cbf89ded26417fe97a3899b43eb74c9bbed774c1bbdf3,44373033a3b4d346f69ab40b8f5b684ba587d3b41d36b3019d36d6dec5dbacde,0.21602787456445993,186,c0c200a8900ca081010004405420b400000000800226a00082601444006214023250500049a0200084603200420025460a023090291141401846223284109e58002a01698000040612208090100c58010822821088141004831161a0a089022114200008420a005028070813,0.7543195537775483,none,4,1.1358885017421603,no_repair,0,,0
3141,0.8292682926829268,714,f4ffffffbf7dffd7bd2ff7ebeeedffebe5fdeef7ebf7eef5efdfbffcfaf79fffdbe7fbd7fcffffeffffbffff9ff639cbfbbbf7ddeb5ffff14feffffffcf7f6fed8ffff77dfbf7ffeff7df7fdb7dffff6edfbfedffffe6fdfebffffbfbecdfb7f27def5fefedf7bffffffcb13,0.08594657375145176,2deede9bf73faff0b1cedb7375f11cf87b492f981273fb5ac35b70adff58055b,362149c39c6626e58e7b520b401c90c819cf59b67687a59e3a2288f52b370578,0.743321718931475,640,e4bfff7b3f7ddfc7ad2fe7cbeae8e7ebe1ddeef6abf7eef5ef5faffcf8f38d3fdbe7fbd7fcffffeff7fbffff9f56314bfb9bf7ddeb576fb14fcf7ffffcf7767e48feff779fbf7ffeff7d77fdb5dffdb6e97bfcdffff66fdee9ff7dbfb2ccea7f25dcf5fc7edd7a9cfedfcb13,0.17686869990393028,none,4,1.2009291521486642,certificate_directed,280,5cf6bc57e94e37e77360929a92ef8a5da9659a83c85f2a36ba293539671ea631,640
3141,0.8583042973286876,739,ff3ffffe7fffefffff3ff5fb6efdfff3fdf9fef7dffffef5ffefff7fefffbdfffff7ffd7feffffbfeffefffdbff23bdffbbbf7fceb77ffb55bef7effffd7e6fefededfffbefdffbeffddfffdfddffdfee8ffffffeffeeff5fffffdfffe98bbed7bfef7edf6dfbaffffdfeb1f,0.08943089430894313,67add1a49de75ebdf0e272751dadfe2d7950e3fc83fbc219bc5cb6624df399c0,0c3a2a52f8980e334ecde9e5065745d9981df5f885e56934af048734247ef7f5,0.7688734030197445,662,fc37fffe7fffeff2ef3bf57b6afdeff3f5f9def7cb73fef5efc7ff7aebbfbdef7fd3fbd7fefdffbfebf8ffed9ff233dbfbbbf7dc6b75fdb54bef7effffd7e6fe5adedfb78ebdfdb6ffddfffdcddffdfec8ffffffef7aeff1bbedfdffbe98ba6d3bbef7ec72ddbaf6fe57eb1f,0.14179607404539651,none,5,1.1951219512195121,logit_only,280,f28a270ff7e1b5722c865f72e6acf4e245debff473db2626a6d627049a198b36,640
3141,0.24041811846689895,207,c0c200b8820ca081090010405428b4000220048002a6a00182601404004234021640500049a8200084643a0002002d460b033890391141401946023a84109e50002a017b8000840602609490100c6801286282109a141010830161a0a8c9022114000000420a005028070813,0.02206736353077815,3ea48ad55d519f0d09873836c22134a555347d0823147cb65f9d6a41385d07f5,5ae3cb87825c5c5ae554987a37e05b8ab99b38be9928945d071397837fa4bac6,0.2183507549361208,188,c0c200b88008a081090010401428b4000220048002a6a00182601404004214021600500049a8200004603a0002002d420a023890291141401846023204109e40002a017b8000840602609490100c48012862821098141010810161a0a8c9022114000000420a001028070813,0.7558538019242627,none,3,1.132404181184669,global_threshold,0,c555c225740a91d2cee3f3e6b55d7810b0e2908b81c7d31c38f6b80a6a6bd823,1
3141,0.8652729384436701,745,fc37f77bffffefdfef4ff5fb6efbcfe3e7fd5fffebe7cfd5ef7fef7bfff7bdffffd7fff7fffffffffffffffbffd6f5f5fb3bfffdff7ffeed0fff7ffffdd7f6fefefffffffefdffffff5f3ffdfddffdfeef7ffcffff7efffdeffffdffb79ffffffffef5fcfefde7bffefffb1f,0.07549361207897798,bbd3fad91bb8be32bed7bd728b4cc02a0e92855b6b6cf797e49ebfedad012d7a,d875bf75714c160a4cd67a531691a41e5d39d4d72a185018967660d080471f43,0.7897793263646922,680,f435f77bbfdfefc7e34ff1eb6e69c7e2e1fd4ff7abe7ce95ef7bef7bffd7b9fffbd7ffd7fdffffffeff9effbefd6b5d1fb1bf7fdbf7ffe610fff7ffff5d7e6fefcbfff7ef6fdff7eff5f37fdfddff9feed7ffcfdef7efffdebfffdffb78ffbffff9ef5fcfefd67bf7edfeb1f,0.1365624238252965,repair calibration labels,5,1.1660859465737514,per_platform_qat,280,1b0a3429a548c0964b3d0f5133af44ace99d4d128eb83df4970d5cfa06a4b403,108928
5772,0.16260162601626016,140,c00a00a08208a0810000044804242410040000800220800902000400000004021600500049a02000046032144000640200223010281060400866023004108650082a00410000048600008090100c08001820021088141000810100a0a089022114000408020b101020030813,0.0034843205574912883,4e7aeaae601d203ed022bb8fa9278fa47255af1f82cee9d422906c325d8627c3,ae0263c1c2616b6bbdd699b37371e1bccc0c1302794f6a6007d810d4910cbae0,0.15911730545876887,137,c00200a08208a0810000044804242410040000800220800102000400000004021600500049a02000046032144000640200223010281060400866023004108650082a00410000048600008090100c08001820001088141000810100a0a089022114000408020b101020030813,0.8348317345607319,none,2,1.0638792102206736,no_repair,0,,0
5772,0.8501742160278746,732,f5dff77fffd7ffd3ffff672f7eedeffaffff77dfcfefdffffffbafdbffffbffedbcf7effbdffffffff7ffbefffdffb5ff7fefa9f3bfdffe55fff7ffff49f6fffdefffffefffdff7fffdf7dfffddf7fffc977ffbfeff5efddfbef7fffbe6cea4f7ffef9b8fbd77bffffdfff1d,0.09291521486643439,5247858eeddb8d910c94af2ec8f7fa572a643c9bff9f7d56ee2447112394f7cd,732a79c375ef9aa58ace83780e898da087b2e56cbc98530530b9e752709cae67,0.7572590011614402,652,f59ff77ff7d7dfc3ffbb672b7ee9efba77ff67decf6fdafffffbaf1bffdf9bfedac77edfbdbf7fdfff7ffbebffda3b5fd3befa9f2b7dfee55bff7eeef49f6fffdcffff76e6f9ff3effdf757ff5df7fdfc973febf4f756fdde3ed7db73a44aa4f7ffc79887bd773ffffcfff15,0.1576260736152335,none,4,1.1962833914053426,certificate_directed,280,4f84703e4ec3ef8d4c0a5213e27b31a2a5ab1d04b29b3a1b3c4a6ecd44a61b61,640
5772,0.8176538908246226,704,f7dff77b7fffffd79febeb47fefbfffa7dfbe2fbbf77deffffffefdbfebbff3fdfd7ff5f7ffffd9fff7ffbef9ffa37dffbfffabd3ffd7ff59ffffe7ffcfee7fb9e7e7ff7a7ff7f2ffffd71ffffdf7bfbeefff6bdef3ceffdedef7dfb3aeca6e97bbef9f37bdf6bf7ffdfff17,0.0766550522648084,0ef6b842faa2ce4a3cd6a37b68e738fc465f574a57f2c6b369eabd37bd22fe40,c48602c579a6ef399c7409d7a570422647dd23ae9a2d5caf03cdbd7a2dceadba,0.7409988385598142,638,f79ff57b7ffddbd397a9e3477eebfdaa75fb42db9b77def7efffefcbfeabff3fdfd7ff5f7ffffd9fff7bfbef9ff033dbf3dff2bd3bfd7ff10f9fbe7ffcfce6fb9e7e7ff7a7fd7d2efd7971ffbddf7bfaee7bf6bdef3ccbd5e9ef7dfa3aeca2e97bbcf9b37bdf6bf6f7cfff15,0.1847120058502172,none,4,1.173054587688734,logit_only,280,bddecc7a399cf8741830efb62185f6f15a7e14c96a5f917643c0675f42ee4446,640
5772,0.20557491289198607,177,c60210aa80c9a08100000040a8646409240000820224001802400c8000a2000a024050004880a100057012040040640200a33210211040400847061a00118212002e08430000448248011091100c68820800861489141011814100a02081822110041400024b209440070813,0.03600464576074333,326eed2f8cb268ba2ca915929fa4fe2118e51fc01eb1b85790ed383b7c4757a8,3c7059f7febaca950a6448f4b21ba859ea473e2510a028d375b660c329523745,0.16957026713124274,146,c60200aa80c8a0810000004000646400040000800224001802400c80002200020200500048802100047012000000640200233210211040400847061a00108202002a08410000448248010090100c48800800861488141001814100a02081802110041400020b009400070813,0.7946831849270873,none,4,1.1486643437862951,global_threshold,0,3c9975e895b88ce0bd33241b70fcb350ee6f824c376ecbe415d4128407bbf3da,1
5772,0.8768873403019745,755,fe3ff77fbfffefc7efffe7efeffdcffafefd77ff6b67dfd7effbcffefffbbbffffdffffffdffffdfffffffebfffffdf3f3bfffbdffffffef0fffeffff4f76fffdfffffffe6f7ff7ffdff7fffffdf7ffeddffffffef7deffdfbfdffffffbde6effffdfdf8ffffaefef6dfef1d,0.07549361207897798,19d08832e5d2d7258c197bd9cb8ced397afaa1466cfc9e68edaacb71ba43fcae,372524c607041426dd47c4f15589cf90ee96a96b180736e4c897b2fb0bea9f1b,0.8013937282229965,690,fe37f37f3fddcfc78f3fe5ef6ef9cf7afcdd63ff2b67dfd7effbcffafdd3bbefdfdbfbfffdbfffdffffbffebfff7f9d3f39bffbdeffdff670fffeffff4d56ffedffefffee6f5fd7ffdfb7dfdff9f7ffedd7ffffdef7deffdebfd7fff9bbde6ebf7ddfdf8fbdfa6fef6dfef11,0.1279591631895155,repair calibration labels,4,1.1602787456445993,per_platform_qat,280,592f58374440e781215157dce2d2cf3eb1a975f8677d7806d6fb56246ee032f6,108928
8119,0.19396051103368175,167,c0422029c208a080000010430020a4001c0000804224a00182800400002685020601704948a02000046110024000200204237000281040000845063006108610002a08490000140210001490b00d08801832005189145131810104a890880221148012000246001000070813,0.012775842044134705,466296e5d76aa2de17e1ce61c229a702e8496cf3e76b31a52b3e44e8d72a3ed5,99c6dfe8330ada8fab8d0dbfefaf8a4e25703b2e390cb011b53a0e755198857d,0.18118466898954705,156,c0422029c208a080000000430020a400180000804224a00182800400002685020601700948a02000006100024000200204237000281040000845063006100610002a08490000140210001410b00d08801832005189141130810100a880880221148012000246001000070813,0.8077314635580218,none,4,1.075493612078978,no_repair,0,,0
8119,0.8281068524970964,713,fef7dffbbfdfffd2adcffdd7f3ffefe7f6ffeef6b3ffde7bff7feffd7f57efee73f77fdffebfff2f7ffbffefbf7ff1f7fe37ffe7effdf2e9abefbeaef6fdfebffbffff77f7fd7dbafd77ffffe5df5dfffff3bc3cefff7fdff1ff7dfe7bffffddf7befdf5fffff6bfffdfff13,0.0824622531939605,03e0b69453dbcad6ec4a991212ae79f86e78140e85b2afbdc4104185f48d10ed,8cc32a6f3801f4fdf7aac2b7a3e69c3fd644e18783d937602ce27345f83db184,0.7456445993031359,642,feb5d7fbbfd7ffd22dcf7dd7f3f9efa6f6ffeef6b3bfde7aff76ef797b57e7ee73e57edf3ebfff2f7f3bffefbf6fb1e5fe37f3476ffdd2e9a1efbeaef6bd76bf49ffff77f6f57dbafd719fffe5df59ffff739c1c6fef6fdfe1fd5cfe3a7ffeddf1befdf5fff6f6bffedfff11,0.177284524167993,none,4,1.2020905923344947,certificate_directed,280,33ed26c3b14f936052dc181b47010c311823a8db77791ab68c8a69557081952c,640
8119,0.8455284552845529,728,fcf7dffbaf7ffff3576fffcff76afffbfeffbefe3b7fdf37fff2efffffffcfef72f3ffffffffff7f7f7fffebbf7ff3f7fe3bffcfef7ffbfb3faffefef4ff6effff9fff76fff57febfdf7bfffeddfffffff7bbc5cffff6f9df9fdfffe3ffff8fffbfdfdf5ffff7eeffbdfdf11,0.0987224157955866,1a2d777ca79fa70bf0076a71fb42bf05e05a9e4d76e42632cb890482fedc6ced,2d5bd12cf48f73628e7041ca82bdeb7b8b5f2744a6fad3320ba812c9d799ece0,0.7468060394889663,643,bcd7dffaa77fffc2066fe947f368fff3f4ffaefe3b7fde14ff72edfd7fdfcfee72f3ff7f7fbffb6f7f7bffebaf7b73d5fe3bff4fef5df9b93baffefeb4f56cbfdd9eff66fe557febddf73ffbeddf7bfffd73bc5c7fef6f9df1ddfdf63ffff8fdf3bdf5f5ebdf72eddbdfdf11,0.16392079264707993,none,4,1.1986062717770034,logit_only,280,a7fcfc87201772d81fdbf913231776a18fc0e42dcdfec90bd84cb5386b985a14,640
8119,0.24274099883855982,209,f404273a8441800200000040282866024c4403e30224301106480c080012000a4480500488a4b0040120164005422a0018202240021060e800460a208680821008240c57022040e2484197a1004848c2084284519c34101100074018228582e5130401800008009510458917,0.06504065040650406,5d223ed64bf97677df408a5d51c348e68a22d0fa85f0f0c28047c81d973ead8b,283a2b8bab99a02111798b4fee7297e355e20c80058bd89900271c9d562c0a6e,0.17770034843205576,153,f404252a8041800000000040282826004c0401e202242010064000080000000a0000500408a43004012012000040280008202240021000c800460a208600801008240457022040224841148000084882004284519c14001100064008228182e1010401000008009410458113,0.7512940737872987,none,4,1.4332171893147503,global_threshold,0,eb793ce3354f595f478a296736cf267486c800048b83bf89f122356b4ccf7ce9,1
8119,0.851335656213705,733,fff7f7ff7fddeff6fd8ff7e3fafbffeef8ffe6ff7bffffd5fffeef7dfef7f9efffdffbff7cbdffefff7ddffffff7b1f1ffbbffedff7fffa39fdffffef6ff6ebfffbeff7f7ff57fbbfde77ffffd5f6dfff9ffbe5defff7dfff3fffdfaf3bffffdffdef3f4ffdffffffbdfff1b,0.06271777003484325,0177a9978acfe978d5b161385a2be2161632d532b28d243eb202a3d440d35130,0543dbab148965c17a96fd28a2d6c7b9265abff7b3b6b5594cbbefd3cf809e60,0.7886178861788617,679,ffe7f7fe3f5defd6fd0ff3e2faf9efeef0dd66ff3b7fefd5effaef7dfef3f9effedffbff7cbd7fefff79dffffff7b1f1ff3bffedef7ffba38fdfafeef67d6ebffdbeff767ff57fb3fde77dfffd5f4dfee977b61def7f65ffe3ffddfaf3bfffddf7def3e4dfdffefffbdfff1b,0.14741687099410672,repair calibration labels,4,1.1544715447154472,per_platform_qat,280,fa9a38b9f2e056741c5f3e53f51b21d6dcade630fe61262c7f5b12710aa6155f,108928
