seed,center_target_identity_fraction,center_target_identity_inputs,continuous_grid_identity_cost,deployed_model_artifact_hash,deployed_model_hash,grid_family_identity_fraction,grid_family_identity_inputs,grid_pair_disagreement_fraction,labels_used,max_unique_predictions,mean_unique_predictions,method,optimization_steps,repair_report_hash,trainable_parameters
1701,0.15911730545876887,137,0.0034843205574912883,9871b6e0c0daecac610eb993364ec7551501ee9711769a5a74f54ae50edc1ed6,a3c56d1d56c161f62455f3df21e37d36ebc2e85239a34778b911e15b82877b77,0.15563298490127758,134,0.8381153123700549,none,3,1.0778164924506388,no_repair,0,,0
1701,0.8385598141695703,722,0.07781649245063882,0254b88e424b6dd46401f2bf4afded865d5c175e79e4b6f6d7c85d7facf7b5ca,14a6f558b453eb8aca32879197d30d1f355a042d868af7cf7c19e0cef79ac249,0.7607433217189314,655,0.16013535796733624,none,3,1.173054587688734,certificate_directed,280,7faa8aa15a96675d8e6e54f400b285461019140ca67bb116239df9bb98a7c7d1,640
1701,0.8617886178861789,742,0.07897793263646924,18cf4a337b6a562324dfafcb1a7d80d38db488c383784ce20be32e58113ac7a5,61e501439087b3805dfe059e8b43e6e18ef32ae997d37348f7bfc6c7372162fd,0.7828106852497096,674,0.14529473337061416,none,4,1.164924506387921,logit_only,280,cd9274152bdd16344f288f90506fb26d530bbac3bb22e623b607dd458b640f91,640
1701,0.30662020905923343,264,0.06271777003484319,1817c964fda6b48cca123a23169eb6a77244d72ecaa026a5a5a55ffae85c2cd5,b8e17b10fd317a5f3f859610ea47e9c9cea14891ef3751eca59bd0e77d7cfd31,0.24390243902439024,210,0.6941397456302605,none,4,1.207897793263647,global_threshold,0,803d0e6d8e71ecbaacc9a6215467c2c7e141b5b5c7dcba9c3d5f779d97f90c88,1
1701,0.8548199767711963,736,0.05226480836236935,4f9c4356cdf2581943cf3fa0ada47bc7edc1a5143d5791adfb138614f9ea15dd,82d8d4a85529b6a46665d646fdac97bf104b4fab87e1380208abb6afc77e4bd8,0.8025551684088269,691,0.14414763195251,repair calibration labels,4,1.1533101045296168,per_platform_qat,280,cb5144589e70a933bfed68344b8dd292e1efeaf7b17f00d1d2d174d39ba6f08b,108928
2718,0.23925667828106853,206,0.022067363530778178,96e212e49fbaf7f15dc6547ebc71b5c646f211a8eba6a4b586cd185c0f4809c4,fc9b56d440c18f0a6f8610d9d129815b0933e638782eae56ab5c0625a32739bd,0.21718931475029035,187,0.7623205861688247,none,4,1.1277584204413473,no_repair,0,,0
2718,0.8385598141695703,722,0.07433217189314745,4661c8bb7aaa219aa60d28d6a4dc1382b049c2d7d29df6f7f8aebc5ff7aabbcd,41c6a3026e8eacd27cb49caadae815018f333fdec4225b5cb73c4dc1ef9ebab1,0.7642276422764228,658,0.1562065356103296,none,4,1.1881533101045296,certificate_directed,280,b268770cd7b9b704464e26216897df8b0297d2e928118eb747455e6b6f0c88c1,640
2718,0.8768873403019745,755,0.09059233449477355,d70eb75a798dc6f1dde25bca845575c95c78442548d0a8f1345bccd9a02f7c29,287c035cef104d83fc77e7c23f1946ef17da1e3e10c637baf17034d996a4035f,0.7862950058072009,677,0.12916361967852485,none,5,1.173054587688734,logit_only,280,cb4e68f7cfefaa43a9f5e70f46527b0e10df7f71ff31c97148a3f62b23c11eae,640
2718,0.2961672473867596,255,0.05226480836236935,e978f9897dab2ab1c200121850ff0ecf0afd7d936c39fc6f20f10c9a766ee417,a0babb08b052af1b2a78735baff3e7787cb20a1bab707565242af0de0c01c0cc,0.24390243902439024,210,0.7113175893663699,none,3,1.173054587688734,global_threshold,0,29457c6bc87d0f0ca2d9a2aa22c9a798f06b4c60232b6be721a72cf5c80d91c4,1
2718,0.8548199767711963,736,0.0662020905923345,9f075d93db3335dff1c1cfb1b3a69b14ce42f7383578dca5bf7b16038daaa4f7,2b8e6a56e02e8a64b279a6798920cfad44e00ebcf0bd6194ec03af07c70543b3,0.7886178861788617,679,0.14789005032907476,repair calibration labels,3,1.150987224157956,per_platform_qat,280,db52bd42f9cb4b917959d78a1760ca9c6f2579fb1ce79a03159071c51a4faff7,108928
3141,0.24390243902439024,210,0.027874564459930307,0c10646241067027692cbf89ded26417fe97a3899b43eb74c9bbed774c1bbdf3,44373033a3b4d346f69ab40b8f5b684ba587d3b41d36b3019d36d6dec5dbacde,0.21602787456445993,186,0.7543195537775483,none,4,1.1358885017421603,no_repair,0,,0
3141,0.8292682926829268,714,0.08594657375145176,2deede9bf73faff0b1cedb7375f11cf87b492f981273fb5ac35b70adff58055b,362149c39c6626e58e7b520b401c90c819cf59b67687a59e3a2288f52b370578,0.743321718931475,640,0.17686869990393028,none,4,1.2009291521486642,certificate_directed,280,5cf6bc57e94e37e77360929a92ef8a5da9659a83c85f2a36ba293539671ea631,640
3141,0.8583042973286876,739,0.08943089430894313,67add1a49de75ebdf0e272751dadfe2d7950e3fc83fbc219bc5cb6624df399c0,0c3a2a52f8980e334ecde9e5065745d9981df5f885e56934af048734247ef7f5,0.7688734030197445,662,0.14179607404539651,none,5,1.1951219512195121,logit_only,280,f28a270ff7e1b5722c865f72e6acf4e245debff473db2626a6d627049a198b36,640
3141,0.24041811846689895,207,0.02206736353077815,3ea48ad55d519f0d09873836c22134a555347d0823147cb65f9d6a41385d07f5,5ae3cb87825c5c5ae554987a37e05b8ab99b38be9928945d071397837fa4bac6,0.2183507549361208,188,0.7558538019242627,none,3,1.132404181184669,global_threshold,0,c555c225740a91d2cee3f3e6b55d7810b0e2908b81c7d31c38f6b80a6a6bd823,1
3141,0.8652729384436701,745,0.07549361207897798,bbd3fad91bb8be32bed7bd728b4cc02a0e92855b6b6cf797e49ebfedad012d7a,d875bf75714c160a4cd67a531691a41e5d39d4d72a185018967660d080471f43,0.7897793263646922,680,0.1365624238252965,repair calibration labels,5,1.1660859465737514,per_platform_qat,280,1b0a3429a548c0964b3d0f5133af44ace99d4d128eb83df4970d5cfa06a4b403,108928
5772,0.16260162601626016,140,0.0034843205574912883,4e7aeaae601d203ed022bb8fa9278fa47255af1f82cee9d422906c325d8627c3,ae0263c1c2616b6bbdd699b37371e1bccc0c1302794f6a6007d810d4910cbae0,0.15911730545876887,137,0.8348317345607319,none,2,1.0638792102206736,no_repair,0,,0
5772,0.8501742160278746,732,0.09291521486643439,5247858eeddb8d910c94af2ec8f7fa572a643c9bff9f7d56ee2447112394f7cd,732a79c375ef9aa58ace83780e898da087b2e56cbc98530530b9e752709cae67,0.7572590011614402,652,0.1576260736152335,none,4,1.1962833914053426,certificate_directed,280,4f84703e4ec3ef8d4c0a5213e27b31a2a5ab1d04b29b3a1b3c4a6ecd44a61b61,640
5772,0.8176538908246226,704,0.0766550522648084,0ef6b842faa2ce4a3cd6a37b68e738fc465f574a57f2c6b369eabd37bd22fe40,c48602c579a6ef399c7409d7a570422647dd23ae9a2d5caf03cdbd7a2dceadba,0.7409988385598142,638,0.1847120058502172,none,4,1.173054587688734,logit_only,280,bddecc7a399cf8741830efb62185f6f15a7e14c96a5f917643c0675f42ee4446,640
5772,0.20557491289198607,177,0.03600464576074333,326eed2f8cb268ba2ca915929fa4fe2118e51fc01eb1b85790ed383b7c4757a8,3c7059f7febaca950a6448f4b21ba859ea473e2510a028d375b660c329523745,0.16957026713124274,146,0.7946831849270873,none,4,1.1486643437862951,global_threshold,0,3c9975e895b88ce0bd33241b70fcb350ee6f824c376ecbe415d4128407bbf3da,1
5772,0.8768873403019745,755,0.07549361207897798,19d08832e5d2d7258c197bd9cb8ced397afaa1466cfc9e68edaacb71ba43fcae,372524c607041426dd47c4f15589cf90ee96a96b180736e4c897b2fb0bea9f1b,0.8013937282229965,690,0.1279591631895155,repair calibration labels,4,1.1602787456445993,per_platform_qat,280,592f58374440e781215157dce2d2cf3eb1a975f8677d7806d6fb56246ee032f6,108928
8119,0.19396051103368175,167,0.012775842044134705,466296e5d76aa2de17e1ce61c229a702e8496cf3e76b31a52b3e44e8d72a3ed5,99c6dfe8330ada8fab8d0dbfefaf8a4e25703b2e390cb011b53a0e755198857d,0.18118466898954705,156,0.8077314635580218,none,4,1.075493612078978,no_repair,0,,0
8119,0.8281068524970964,713,0.0824622531939605,03e0b69453dbcad6ec4a991212ae79f86e78140e85b2afbdc4104185f48d10ed,8cc32a6f3801f4fdf7aac2b7a3e69c3fd644e18783d937602ce27345f83db184,0.7456445993031359,642,0.177284524167993,none,4,1.2020905923344947,certificate_directed,280,33ed26c3b14f936052dc181b47010c311823a8db77791ab68c8a69557081952c,640
8119,0.8455284552845529,728,0.0987224157955866,1a2d777ca79fa70bf0076a71fb42bf05e05a9e4d76e42632cb890482fedc6ced,2d5bd12cf48f73628e7041ca82bdeb7b8b5f2744a6fad3320ba812c9d799ece0,0.7468060394889663,643,0.16392079264707993,none,4,1.1986062717770034,logit_only,280,a7fcfc87201772d81fdbf913231776a18fc0e42dcdfec90bd84cb5386b985a14,640
8119,0.24274099883855982,209,0.06504065040650406,5d223ed64bf97677df408a5d51c348e68a22d0fa85f0f0c28047c81d973ead8b,283a2b8bab99a02111798b4fee7297e355e20c80058bd89900271c9d562c0a6e,0.17770034843205576,153,0.7512940737872987,none,4,1.4332171893147503,global_threshold,0,eb793ce3354f595f478a296736cf267486c800048b83bf89f122356b4ccf7ce9,1
8119,0.851335656213705,733,0.06271777003484325,0177a9978acfe978d5b161385a2be2161632d532b28d243eb202a3d440d35130,0543dbab148965c17a96fd28a2d6c7b9265abff7b3b6b5594cbbefd3cf809e60,0.7886178861788617,679,0.14741687099410672,repair calibration labels,4,1.1544715447154472,per_platform_qat,280,fa9a38b9f2e056741c5f3e53f51b21d6dcade630fe61262c7f5b12710aa6155f,108928
