seed,condition,audit_disagreements,audit_samples,audit_disagreement_rate,simultaneous_upper_bound,reference_test_accuracy,target_test_accuracy,accuracy_loss,absolute_accuracy_change,bound_slack_vs_test_change,bound_not_violated
1701,reset_to_value,3,104,0.028846153846153848,0.10158008172026142,0.8522727272727273,0.8787878787878788,-0.02651515151515149,0.02651515151515149,0.07506493020510993,True
1701,exponential_euler,7,104,0.0673076923076923,0.15685161861667685,0.8522727272727273,0.8598484848484849,-0.007575757575757569,0.007575757575757569,0.14927586104091928,True
1701,pre_integration_threshold,0,104,0.0,0.04966940415125787,0.8522727272727273,0.8636363636363636,-0.011363636363636354,0.011363636363636354,0.038305767787621514,True
1701,fixed_q8_weights_q16_state,0,104,0.0,0.04966940415125787,0.8522727272727273,0.8522727272727273,0.0,0.0,0.04966940415125787,True
1701,floor_rounding_saturation,42,104,0.40384615384615385,0.5346968072167273,0.8522727272727273,0.6136363636363636,0.23863636363636365,0.23863636363636365,0.29606044358036365,True
1701,synaptic_delay_1,0,104,0.0,0.04966940415125787,0.8522727272727273,0.8636363636363636,-0.011363636363636354,0.011363636363636354,0.038305767787621514,True
1701,reset_to_value__delay_1,3,104,0.028846153846153848,0.10158008172026142,0.8522727272727273,0.875,-0.022727272727272707,0.022727272727272707,0.07885280899298872,True
1701,exponential__fixed,4,104,0.038461538461538464,0.11618566059441146,0.8522727272727273,0.8674242424242424,-0.015151515151515138,0.015151515151515138,0.10103414544289632,True
1701,pre_threshold__floor,41,104,0.3942307692307692,0.525052125253793,0.8522727272727273,0.6212121212121212,0.23106060606060608,0.23106060606060608,0.2939915191931869,True
1701,reset__fixed__delay_1,3,104,0.028846153846153848,0.10158008172026142,0.8522727272727273,0.8825757575757576,-0.030303030303030276,0.030303030303030276,0.07127705141723115,True
2718,reset_to_value,13,104,0.125,0.23057375117892237,0.8371212121212122,0.8143939393939394,0.022727272727272707,0.022727272727272707,0.20784647845164966,True
2718,exponential_euler,18,104,0.17307692307692307,0.2877096831654036,0.8371212121212122,0.8068181818181818,0.030303030303030387,0.030303030303030387,0.2574066528623732,True
2718,pre_integration_threshold,0,104,0.0,0.04966940415125787,0.8371212121212122,0.8446969696969697,-0.007575757575757569,0.007575757575757569,0.0420936465755003,True
2718,fixed_q8_weights_q16_state,3,104,0.028846153846153848,0.10158008172026142,0.8371212121212122,0.8484848484848485,-0.011363636363636354,0.011363636363636354,0.09021644535662507,True
2718,floor_rounding_saturation,58,104,0.5576923076923077,0.6827665363438342,0.8371212121212122,0.5189393939393939,0.31818181818181823,0.31818181818181823,0.364584718162016,True
2718,synaptic_delay_1,0,104,0.0,0.04966940415125787,0.8371212121212122,0.8446969696969697,-0.007575757575757569,0.007575757575757569,0.0420936465755003,True
2718,reset_to_value__delay_1,13,104,0.125,0.23057375117892237,0.8371212121212122,0.8143939393939394,0.022727272727272707,0.022727272727272707,0.20784647845164966,True
2718,exponential__fixed,16,104,0.15384615384615385,0.26520561909248597,0.8371212121212122,0.7878787878787878,0.04924242424242431,0.04924242424242431,0.21596319485006166,True
2718,pre_threshold__floor,60,104,0.5769230769230769,0.7004563506283581,0.8371212121212122,0.5265151515151515,0.31060606060606066,0.31060606060606066,0.38985029002229743,True
2718,reset__fixed__delay_1,14,104,0.1346153846153846,0.24224677666365424,0.8371212121212122,0.803030303030303,0.03409090909090917,0.03409090909090917,0.20815586757274507,True
3141,reset_to_value,13,104,0.125,0.23057375117892237,0.8712121212121212,0.8257575757575758,0.045454545454545414,0.045454545454545414,0.18511920572437696,True
3141,exponential_euler,17,104,0.16346153846153846,0.2765105510136773,0.8712121212121212,0.7916666666666666,0.07954545454545459,0.07954545454545459,0.1969650964682227,True
3141,pre_integration_threshold,0,104,0.0,0.04966940415125787,0.8712121212121212,0.8674242424242424,0.0037878787878787845,0.0037878787878787845,0.04588152536337908,True
3141,fixed_q8_weights_q16_state,0,104,0.0,0.04966940415125787,0.8712121212121212,0.8787878787878788,-0.007575757575757569,0.007575757575757569,0.0420936465755003,True
3141,floor_rounding_saturation,63,104,0.6057692307692307,0.7266386040442527,0.8712121212121212,0.3787878787878788,0.49242424242424243,0.49242424242424243,0.2342143616200103,True
3141,synaptic_delay_1,0,104,0.0,0.04966940415125787,0.8712121212121212,0.8674242424242424,0.0037878787878787845,0.0037878787878787845,0.04588152536337908,True
3141,reset_to_value__delay_1,10,104,0.09615384615384616,0.19462497745646073,0.8712121212121212,0.821969696969697,0.0492424242424242,0.0492424242424242,0.14538255321403654,True
3141,exponential__fixed,14,104,0.1346153846153846,0.24224677666365424,0.8712121212121212,0.8143939393939394,0.05681818181818177,0.05681818181818177,0.18542859484547247,True
3141,pre_threshold__floor,63,104,0.6057692307692307,0.7266386040442527,0.8712121212121212,0.3787878787878788,0.49242424242424243,0.49242424242424243,0.2342143616200103,True
3141,reset__fixed__delay_1,14,104,0.1346153846153846,0.24224677666365424,0.8712121212121212,0.8181818181818182,0.05303030303030298,0.05303030303030298,0.18921647363335126,True
5772,reset_to_value,14,104,0.1346153846153846,0.24224677666365424,0.8560606060606061,0.7992424242424242,0.05681818181818188,0.05681818181818188,0.18542859484547236,True
5772,exponential_euler,16,104,0.15384615384615385,0.26520561909248597,0.8560606060606061,0.7803030303030303,0.0757575757575758,0.0757575757575758,0.18944804333491017,True
5772,pre_integration_threshold,0,104,0.0,0.04966940415125787,0.8560606060606061,0.8598484848484849,-0.0037878787878787845,0.0037878787878787845,0.04588152536337908,True
5772,fixed_q8_weights_q16_state,5,104,0.04807692307692308,0.13017753954466504,0.8560606060606061,0.8522727272727273,0.0037878787878787845,0.0037878787878787845,0.12638966075678626,True
5772,floor_rounding_saturation,62,104,0.5961538461538461,0.7179588315887926,0.8560606060606061,0.39015151515151514,0.46590909090909094,0.46590909090909094,0.25204974067970165,True
5772,synaptic_delay_1,0,104,0.0,0.04966940415125787,0.8560606060606061,0.8598484848484849,-0.0037878787878787845,0.0037878787878787845,0.04588152536337908,True
5772,reset_to_value__delay_1,14,104,0.1346153846153846,0.24224677666365424,0.8560606060606061,0.7916666666666666,0.06439393939393945,0.06439393939393945,0.1778528372697148,True
5772,exponential__fixed,17,104,0.16346153846153846,0.2765105510136773,0.8560606060606061,0.7803030303030303,0.0757575757575758,0.0757575757575758,0.20075297525610147,True
5772,pre_threshold__floor,62,104,0.5961538461538461,0.7179588315887926,0.8560606060606061,0.3939393939393939,0.46212121212121215,0.46212121212121215,0.25583761946758043,True
5772,reset__fixed__delay_1,13,104,0.125,0.23057375117892237,0.8560606060606061,0.8106060606060606,0.045454545454545525,0.045454545454545525,0.18511920572437685,True
8119,reset_to_value,12,104,0.11538461538461539,0.2187560268416519,0.8257575757575758,0.8484848484848485,-0.022727272727272707,0.022727272727272707,0.1960287541143792,True
8119,exponential_euler,15,104,0.14423076923076922,0.2537872963984561,0.8257575757575758,0.8181818181818182,0.007575757575757569,0.007575757575757569,0.24621153882269853,True
8119,pre_integration_threshold,1,104,0.009615384615384616,0.06927516440273324,0.8257575757575758,0.8181818181818182,0.007575757575757569,0.007575757575757569,0.06169940682697567,True
8119,fixed_q8_weights_q16_state,5,104,0.04807692307692308,0.13017753954466504,0.8257575757575758,0.821969696969697,0.0037878787878787845,0.0037878787878787845,0.12638966075678626,True
8119,floor_rounding_saturation,53,104,0.5096153846153846,0.6377404369260309,0.8257575757575758,0.5113636363636364,0.31439393939393945,0.31439393939393945,0.32334649753209144,True
8119,synaptic_delay_1,1,104,0.009615384615384616,0.06927516440273324,0.8257575757575758,0.8181818181818182,0.007575757575757569,0.007575757575757569,0.06169940682697567,True
8119,reset_to_value__delay_1,12,104,0.11538461538461539,0.2187560268416519,0.8257575757575758,0.8484848484848485,-0.022727272727272707,0.022727272727272707,0.1960287541143792,True
8119,exponential__fixed,16,104,0.15384615384615385,0.26520561909248597,0.8257575757575758,0.8068181818181818,0.018939393939394034,0.018939393939394034,0.24626622515309193,True
8119,pre_threshold__floor,55,104,0.5288461538461539,0.6558870465125597,0.8257575757575758,0.5113636363636364,0.31439393939393945,0.31439393939393945,0.34149310711862024,True
8119,reset__fixed__delay_1,13,104,0.125,0.23057375117892237,0.8257575757575758,0.8371212121212122,-0.011363636363636354,0.011363636363636354,0.21921011481528602,True
